Name,Category,Tourist_Level,Price_Range,Numerical_Price,Best_Season,Vibe,Description
Woolley’s Tidal Pool,Nature,1,Free,Free,All Year,"Peaceful, Secret, Scenic",Hidden gem between Kalk Bay and Clovelly that remains quiet due to its unmarked road access.
Super Fisheries,Food,1,R,R75-R110,All Year,"Original, Local, Authentic","The reputed birthplace of the Gatsby, serving authentic polony and atchar rolls to local crowds in Athlone."
Majik Forest,Nature,2,Free,Free,All Year,"Family, Tranquil, Local",A community-focused nature experience in the Northern Suburbs with easy family trails.
Bali Beach,Nature,2,Free,Free,Summer,"Hidden, Sheltered, Calm","A small pebbled beach with sheltered, calm waters that even many locals don't know exists."
Water’s Edge Beach,Nature,2,Free,Free,Summer,"Secluded, Secret, Calm","Hidden beach accessed through a wooden gate, offering largely private swimming away from Boulders Beach crowds."
Smitswinkel Bay,Nature,2,Free,Free,Summer,"Remote, Unspoilt, Peaceful","Simple, old-fashioned beach day reached via a steep 20-minute hike, offering five shipwrecks for adventurous divers."
Ganesh,Food,2,R,From R90,All Year,"Cozy, Authentic, Hidden",A local gem in Observatory serving high-quality Thai street food.
Ghetto Sessions,Culture,2,R,R100,All Year,"Raw, Musical, Inspiring","A monthly Khayelitsha musical extravaganza featuring rap, poetry, and local vendors."
Papa Ron’s Shisa Nyama,Food,2,R,R100-R200,All Year,"Urban, Grungy, Welcoming",Authentic Woodstock spot where you select and weigh your meat before it's grilled to perfection.
Platboom Beach,Nature,2,R,R110-R515,Summer,"Wild, Unspoilt, Deserted","The most unchartered beach in Cape Point reserve, often home to wandering ostriches and baboons."
Pahari African Restaurant,Food,2,RR,R200,All Year,"Hearty, Authentic, Zim",Savor traditional Zimbabwean dishes like pumpkin leaves and pap in Salt River.
Pixie Garden,Nature,2,R,R30,All Year,"Enchanted, Whimsical, Family","A Jacobs Bay garden filled with fairies, pixies, and life-sized mushroom stools."
Continental Take-Aways,Food,2,R,R90-R160,All Year,"Grungy, Lively, Unique","Salt River gem with disco lighting and a giant fish tank serving massive, designer gatsbys."
Newlands Forest,Nature,3,Free,Free,All Year,"Shady, Local, Peaceful",A favorite local spot for forest walks and shaded ravines on the mountain slopes.
SAAF Museum,Culture,3,Free,Free,All Year,"Aviation, Historical, Military",The second-largest military aviation museum in SA located at Ysterplaat Airbase.
Newlands Ravine,Nature,3,Free,Free,All Year,"Active, Shady, Panoramic",Lesser-known hiking trail through shady forests offering incredible views of False Bay and the city bowl.
Windmill Beach,Nature,3,Free,Free,Summer,"Serene, Sheltered, Dreamy","Tucked behind a golf course, this boulder-sheltered beach offers safe swimming and frequent penguin visitors."
Cape Town Meadery,Drink,3,R,R100-R200,All Year,"Ancient, Honey, Unique","Learn about and taste mead, the ancient African beverage made from honey."
Borruso’s,Food,3,R,R130-R200,All Year,"Warm, Neighborhood, Casual","A welcoming Kenilworth neighborhood favorite where locals flock for thin-based, wood-fired pizzas and no corkage fees."
Groot Phesantekraal,Food,3,RR,R150-R300,All Year,"Historic, Farm-to-table, Scenic",A restored 18th-century stable in Durbanville offering thoughtful farmhouse breakfasts using seasonal produce from the local farm.
Teez Lounge,Food,3,RR,R150-R300,All Year,"Lively, Authentic, Social","Vibrant Gugulethu institution that reclaimed the local shisanyama spirit with deep house music and ""secret sauce""."
Soeul Pocha,Food,3,RR,R175-R350,All Year,"Family-run, Authentic, Interactive",A newly opened family-run Korean barbecue spot in Rondebosch offering authentic marinated beef and pork belly sets.
Cape Town Tunnels,Activity,3,RR,R300,All Year,"Spooky, Secret, Historical",Explore 17th-century secret tunnels running below the city with a qualified guide.
!Khwa ttu San Tour,Culture,3,RR,R350,All Year,"Indigenous, Educational, Nature","Experience San culture through tea tastings, tracking lessons, and field foraging."
Heaven Coffee Shop,Drink,3,R,R50-R150,All Year,"Secret, Historic, Peaceful",A quiet coffee shop hidden inside a church that dates back to the 1800s.
Darling Toffee,Food,3,R,R50-R150,All Year,"Sweet, Handmade, Nostalgic",Taste old-fashioned handmade toffees at the famous Darling Sweets.
Golden Dish,Food,3,R,R55-R150,All Year,"Lively, Iconic, Fusion",Legendary Gatesville institution famous for its Masala Steak Full House Gatsby and massive local fan base.
Seebamboes,Food,3,RRR,R800+,All Year,"Surprise, Industrial, Sea","A unique ""culinary conversation"" between land and sea featuring a fixed surprise menu."
Cosy Corner,Food,3,R,R90-R180,All Year,"Traditional, Halaal, Reliable",Family-run Wynberg staple claiming to be the first halaal eatery offering flame-grilled rump steak gatsbys.
St James Tidal Pool,Nature,4,Free,Free,All Year,"Family, Colorful, Refreshing",Iconic tidal pool famous for its bright Victorian beach huts and safe swimming.
India Venster Trail,Nature,4,Free,Free,All Year,"Secluded, Technical, Dramatic",A technical Table Mountain hike with rock scrambling and sheer drops.
Vergenoegd Ducks,Nature,4,Free,Free,All Year,"Quirky, Vineyard, Family","Watch 1,000 Indian Runner Ducks parade through the vineyard to manage pests."
Beta Beach,Nature,4,Free,Free,Summer,"Calm, Protected, Scenic",Small Bakoven beach featuring calm swimming waters and fantastic views of Lion's Head across the water.
Barcadia,Activity,4,R,From R30,All Year,"Retro, Cool, Playful",Cape Town’s first arcade bar where classic games are free with drinks.
Reverie Social Table,Food,4,RRR,"R1,480",All Year,"Communal, Fine, Exclusive",Unique dinner party experience featuring a 5-course seasonal menu shared around an 18-person communal table.
Africa Padel,Activity,4,R,R100-R125,All Year,"Social, Active, Trendy",A fast-paced racket sport blend of tennis and squash available at multiple city locations.
Starlings Café,Food,4,R,R100-R200,Summer,"Hidden, Garden, Homemade","A hospital suburban institution hidden behind a hedge in Claremont, prized for its secret garden and homemade fare."
18 Gangster Museum,Culture,4,R,R100-R200,All Year,"Educational, Serious, Local",Learn about Cape Town’s history and gang culture through an impactful township tour.
Dust & Dynamite,Drink,4,R,R100-R250,All Year,"Wild-West, Quirky, Old-School","Hidden gem saloon featuring swinging doors and authentic western decor, entirely disconnected from the city's coastal identity."
Armchair Theatre,Culture,4,R,R100-R250,All Year,"Bohemian, Vibrant, Eclectic","Cornerstone of Observatory's live entertainment, hosting musicians, comedians, and diverse student crowds for over 26 years."
Blue Rock Resort,Activity,4,R,R100-R300,Summer,"Active, Aquatic, Fun","A waterski resort offering wakeboarding, rock jumping, and diving in a quarry."
Truck Norris,Food,4,R,R110,All Year,"Mobile, Professional, Gourmet",A premier food truck serving gourmet Texas cheese burgers with free-range beef and artisanal brioche buns at events.
Mariam’s Kitchen,Food,4,R,R135-R399,All Year,"Local, Authentic, Generous",A beloved family-run institution famous for authentic Cape Malay Gatsbys and spicy steak salomies.
The Secret Gin Bar,Drink,4,RR,R150,All Year,"Hidden, Chilled, Local",A dimly lit bar hidden behind a chocolate cafe serving artisanal local gins.
The NOB,Food,4,RR,R150+,All Year,"Massive, Casual, Views","Standing for ""No Ordinary Burger,"" this Tygerfalls spot serves huge gourmet burgers with impressive views of the water."
Shimansky Diamond Exp.,Activity,4,RR,R200,All Year,"Sparkly, Historical, Craft",Learn about SA’s diamond heritage and see the art of jewelry making.
Miller’s Point Tidal Pool,Nature,4,R,R22,Summer,"Wild, Scenic, Remote",Vast pool south of Simon's Town set among boulders with a fun slide and diverse marine life.
Warrior Toy Museum,Culture,4,R,R25,All Year,"Nostalgic, Playful, Unique","Relive your childhood through a collection of 4,000 toys, models, and lead soldiers."
Faeeza’s Home Kitchen,Culture,4,RR,R250-R400,All Year,"Intimate, Educational, Passionate",Immersion into Cape Malay culture through hands-on cooking classes hosted by a passionate local expert.
South Yeaster Bakery,Food,4,R,R50-R100,All Year,"Artisanal, Fresh, Local","A high-quality Hout Bay bakery serving top-tier coffee and naturally leavened pastries, popular with local cyclists."
Mabu Vinyl,Culture,4,R,R50-R500,All Year,"Vintage, Musical, Nostalgic","A record store featured in ""Searching for Sugar Man"" selling rare books and vinyl."
Palmiet Rapids,Activity,4,RRR,R600-R900,Summer,"Wet, Thrilling, Natural","Tube down white-water rapids in two-person inflatable ""crocodiles""."
Spier Segway Tour,Activity,4,RRR,R700,All Year,"Fun, Green, Vineyard",Glide through lush Stellenbosch vineyards on a guided eco-friendly Segway excursion.
Tapi Tapi Ice-Cream,Food,4,R,R80-R120,All Year,"Afrocentric, Unique, Sweet",A hole-in-the-wall featuring African flavors like hibiscus curd and sorghum porridge.
The Blue Café,Food,4,R,R80-R150,All Year,"Historic, Neighborhood, Sidewalk","An adorable sidewalk cafe open since 1903, serving homemade pastries and groceries in the heart of Tamboerskloof."
Seal Snorkeling,Activity,4,RRR,R950+,Summer,"Wild, Interactive, Cold",An adventure in Hout Bay to swim with curious Cape Fur Seals in kelp forests.
Saunders' Rocks Beach,Nature,5,Free,Free,All Year,"Scenic, Refreshing, Local",An iconic rock pool and beach spot popular with Sea Point locals for sunset picnics and cold plunges.
Shimansky Diamonds,Culture,5,Free,Free,All Year,"Heritage, Sparkly, Educational",Take a diamond tour and learn about South Africa’s rich jewelry heritage.
Saunders Rock,Nature,5,Free,Free,Summer,"Local, Chilled, Sunset",Popular local beach and tidal pool perfect for sunset swims and non-commercialized relaxation.
Dalebrook Tidal Pool,Nature,5,Free,Free,All Year,"Atmospheric, Communal, Sunrise","Iconic Kalk Bay pool accessed via a rail subway, famous for its early-morning community swim rituals."
Sea Point Promenade,Activity,5,Free,Free,All Year,"Social, Breezy, Sunset","A 5km coastal walkway perfect for sunset chasing, cycling, and people-watching."
Milnerton Flea Market,Activity,5,Free,Free,All Year,"Casual, Local, Unique",An outdoor treasure hunt with over 250 stalls offering everything under the sun.
Battery Park,Activity,5,Free,Free,All Year,"Urban, Active, Family","Modern park featuring canals, a skatepark, and cafes, acting as a gateway to the V&A Waterfront."
The Crypt,Activity,5,RR,From R150,All Year,"Moody, Unique, Musical",A world-class jazz club located in the basement of a stone church.
Woodstock Brewery,Drink,5,R,From R90,All Year,"Craft, Rebellious, Social",A local favorite pouring bold craft beers in a lively industrial setting.
Jazz Safari,Culture,5,RRR,"R1,000+",All Year,"Intimate, Musical, Authentic",A 4-hour tour through the homes of local jazz artists with live performances.
Buffelsfontein Safari,Nature,5,RRR,"R1,200+",All Year,"Coastal, Wildlife, Scenic",A game reserve on the West Coast home to four of the Big 5.
Chart Farm,Nature,5,R,R10 - R12,All Year,"Floral, Scenic, Chill",DIY rose picking in a charming farm setting with surrounding vineyard views.
Pizza Shed,Food,5,R,R115-R225,All Year,"Wood-fired, Neapolitan, Relaxed","Slings some of the best wood-fired Neapolitan pizzas in the city with a focus on simple, perfect crusts."
Massimo’s,Food,5,R,R120-R200,All Year,"Community, Italian, Lively",A Hout Bay classic known for exceptional pizza and strong community engagement through charity-linked menu items.
Secret Sunrise,Activity,5,RR,R150,All Year,"Wellness, Energetic, Silent",A silent guided dance and meditation movement held at varying scenic outdoor locations.
Chardonnay Deli,Food,5,RR,R150-R250,All Year,"Rustic, Forest, Friendly","A rustic farm-style deli in High Constantia and Kalk Bay serving healthy, indulgent breakfasts and artisanal baked goods."
Aegir Project,Drink,5,RR,R150-R250,Summer,"Craft-beer, Sunset, Laid-back",A Noordhoek favorite serving fine craft beers and pizzas with stunning sunset views over the Atlantic coast.
Dias Tavern,Food,5,RR,R150-R250,All Year,"Portuguese, No-frills, Generous","A long-standing Portuguese restaurant near the castle known for spicy peri-peri chicken and massive, no-frills portions."
Seven Colours Eatery,Food,5,RR,R150-R250,All Year,"Authentic, Local, Flavorful",Traditional South African cuisine like vetkoek and tshisanyama served at Battery Park.
Biesmiellah,Food,5,RR,R150-R250,All Year,"Laid-back, Traditional, Halaal",Stalwart Bo-Kaap establishment celebrated for its authentic bredies and spiced koesisters in a simple setting.
Una Más Mezcaleria,Drink,5,RR,R150-R300,All Year,"Intimate, Spicy, Mexican","Small Sea Point bar specializing in tequila, mezcal, and some of the best spicy palomas in town."
Rands Cape Town,Food,5,RR,R150-R300,All Year,"Energetic, Secure, Social",Massive Khayelitsha outdoor venue hosting high-energy parties with Gqom beats and traditional braai stews.
Gatsby Master,Food,5,RR,R165,All Year,"Late-night, Local, Filling",A Sea Point staple for budget-conscious late-night revelers seeking a variety of traditional Cape Gatsbys.
Rollercade (V&A),Activity,5,RR,R180,All Year,"Retro, Fun, Neon",Cape Town's first indoor roller-skating park featuring a disco atmosphere and arcade games.
Bodega Ramen,Food,5,RR,R180-R280,Winter,"Secret, Relaxed, Tasty","Hidden upstairs from a bar, this unpretentious spot serves what many consider the best ramen in Cape Town."
Intaka Island,Nature,5,R,R22 - R55,All Year,"Natural, Peaceful, Educational",A 16-hectare wetland bird sanctuary providing a break from city hustle in Century City.
Ramenhead,Food,5,RR,R250,All Year,"Noodle, Creamy, Quick","Expertly crafted ramen with rich, seasoned broth located in the Time Out Market."
Art of Duplicity,Drink,5,RR,R250-R500,All Year,"Secret, Glamorous, Masterful","Hidden speakeasy styled after the 1920s, offering bespoke cocktails and live jazz in a mystery location."
SUP (V&A Canals),Activity,5,RR,R280,All Year,"Calm, Urban, Leisurely",Paddle through the Waterfront canals like a Venetian gondolier on a stable board.
Scala Pasta Bar,Food,5,RR,R300+,All Year,"Italian, Dimmed, Shared",Modern Italian dining specializing in shared homemade pasta dishes and negronis.
HintHunt Escape Room,Activity,5,RR,R395,All Year,"Intellectual, Thrilling, Mystery",Solve puzzles and riddles within 60 minutes to complete high-stakes missions at the Waterfront.
Ground Art Caffé,Drink,5,R,R45-R150,All Year,"Artistic, Mountain-views, Quality",A neighborhood coffee shop blending micro-roasted African Arabica blends with local art and Table Mountain views.
SurfaRosa,Drink,5,R,R60-R150,All Year,"Edgy, Grungy, Punk-Rock","Edgy dive bar with surfer influences, loud alternative music, and a zero-pretentiousness atmosphere for good people."
Arthur’s Mini Super,Food,5,R,R80-R150,All Year,"Retro, Cute, Relaxed","A retro-style Sea Point deli and cafe famous for ""Things on Toast"" and iconic pizza toasties with anchovies."
Cape Canopy Tour,Activity,5,RRR,R895,All Year,"Natural, Extreme, Majestic",Zipline through a hidden valley and over waterfalls in the Grabouw mountains
Kloof Corner,Nature,6,Free,Free,All Year,"Stunning, Brief, Panoramic","A short 20-minute hike offering unparalleled panoramic views of Table Mountain, Lion's Head, and the Atlantic."
Holocaust Centre,Culture,6,Free,Free,All Year,"Reflective, Educational, History",A permanent exhibition teaching about genocide through light stories and historical documents.
Woodstock Street Art,Culture,6,Free,Free,All Year,"Urban, Artistic, Vibrant",Guided or solo tours through side streets revealing murals addressing social justice and identity.
Muizenberg Surfing,Activity,6,Free,Free,All Year,"Laid-back, Coastal, Vibrant",The premier spot for beginners to access gentle waves and a vibrant surf culture.
Maiden's Cove,Nature,6,Free,Free,Summer,"Braai, Scenic, Coastal",Idyllic coastal spot with designated braai pits and views of the Twelve Apostles.
Bakoven Beach,Nature,6,Free,Free,Summer,"Quiet, Boulders, Intimate","A smaller, rock-scattered beach tucked between residential homes."
Kloof Corner Hike,Activity,6,Free,Free,All Year,"Quick, Hiking, Panoramic",A manageable twenty-minute stair hike offering some of the best city views.
Constantia Nek,Nature,6,Free,Free,All Year,"Panoramic, Hiking, Peaceful",A high-vantage point between Constantia and Hout Bay for scenic valley views.
Cecilia Forest,Nature,6,Free,Free,All Year,"Shady, Lush, Peaceful",A hidden gem forest tucked within Table Mountain National Park.
Saunders Rocks,Nature,6,Free,Free,All Year,"Boulders, Tidepool, Local",A small beach at the edge of Sea Point with a man-made tidepool.
Blue Bird Garage Market,Food,6,Free,Free Entry,All Year,"Quirky, Local, Social",A weekly market inside an old plane hangar featuring local brews and treats.
Montebello Centre,Culture,6,Free,Free to Browse,All Year,"Artistic, Tranquil, Wooded",A non-profit incubator supporting local craft and design studios in historic buildings.
Up Cycles,Activity,6,R,From R100,All Year,"Active, Scenic, Breezy",Bicycle rentals along the promenade for a relaxing coastal ride.
Chinchilla Rooftop,Drink,6,RR,From R150,Summer,"Chic, Coastal, Sunset",A stylish rooftop bar in Camps Bay perfect for sunset cocktails.
Rollercade,Activity,6,R,R100 - R180,All Year,"Lively, Retro, Fun","Cape Town’s premier indoor roller-skating park with music, DJs, and pool tables."
SA Jewish Museum,Culture,6,R,R100 - R250,All Year,"Hi-tech, Cultural, Educational",Explores Jewish history in South Africa with hi-tech displays and Nelson Mandela documentaries.
Norval Foundation,Culture,6,R,R100 - R300,All Year,"Modern, Nature, Artistic",A premier art museum and sculpture garden set on a protected Steenberg wetland.
Cafeen,Food,6,R,R100-R150,All Year,"Quirky, Homey, View",Harfield Village café with stunning mountain views and delicious breakfasts.
The Commons,Culture,6,R,R100-R200,All Year,"Artsy, Panoramic, Community","Creative space in Muizenberg for live music, storytelling, and panoramic ocean views."
Magnet Theatre,Culture,6,R,R100-R200,All Year,"Inspirational, Performance, Educational",Observatory theatre known for productions focusing on the human body.
I Love Coffee,Food,6,R,R100-R200,All Year,"Purposeful, Inclusive, Social",Social enterprise in Claremont empowering deaf youth through hospitality.
Ground Art Caffe,Food,6,R,R100-R200,All Year,"Artistic, Minimalist, Urban",De Waterkant café showcasing local art with a mountain-view terrace.
Rootbar,Food,6,R,R100-R200,All Year,"Healthy, Wholesome, Natural",Waterfront spot specializing in nutritious chia puddings and granola bowls.
House of Machines,Drink,6,R,R100-R250,All Year,"Cool, Creative, Camradery",Elevated dive bar and custom motorcycle workshop known for stiff local beers and excellent old fashioneds.
Eastern Food Bazaar,Food,6,R,R104-R184,All Year,"Bustling, Canteen, Diverse","An upmarket food court corridor offering affordable Indian, Turkish, and Chinese street food."
Empire Cafe,Food,6,R,R120-R180,All Year,"Hidden-Gem, Coastal, Casual",Muizenberg gem with surfboards on walls and lovely sea views.
Hello Sailor Bistro,Drink,6,R,R120-R180,All Year,"Nautical, Quirky, Social",Nautically-themed bistro in Observatory with friendly staff and craft beer.
The Dog’s Bollocks,Food,6,R,R130-R170,All Year,"Quirky, Casual, Gourmet","A hidden gem in Gardens famous for massive gourmet burgers and a unique, unpretentious backyard vibe."
The Poké Co,Food,6,R,R140,All Year,"Healthy, Fast, Asian-fusion","A popular local brand specializing in healthy, hunger-busting bowls of rice, vegetables, and fresh line-caught fish."
Mzoli’s,Food,6,RR,R150 - R300,All Year,"High-energy, Cultural, Social",A famous township braai spot where you eat grilled meat and dance.
Lievita,Food,6,RR,R150-R250,All Year,"Neapolitan, Quality, Authentic",A highly-rated pizza spot serving authentic Napoletana-style pizzas with top-quality ingredients and a signature pistachio dessert.
Aperitif,Drink,6,RR,R150-R250,Summer,"European, Roadside, Bustling","A European-style bar on Bree Street offering Aperol spritz, negronis, and snacks in a bustling roadside setting."
Mødular.,Drink,6,RR,R150-R250,All Year,"Dark, Underground, Electronic",Underground electronic music mecca with a warehouse-style setting and a strict no-camera policy.
The Taproom,Drink,6,RR,R150-R250,All Year,"Industrial, Panoramic, Craft-Beer",Woodstock brewery restaurant with incredible views of Devil’s Peak.
Banana Jam Cafe,Drink,6,RR,R150-R250,All Year,"Caribbean, Festive, Craft-Beer",Colourful Kenilworth spot known for thirty craft beers on tap.
Curry Club,Food,6,RR,R150-R250,All Year,"Atmospheric, Spiced, Social",Gardens restaurant offering modern Indian family favorites and 2-for-1 deals.
Tjing Tjing Torii,Food,6,RR,R150-R300,All Year,"Japanese-street-food, Cool, Casual","A trendy city-center spot serving Japanese street-style dishes like gyoza and baos, perfect for group sharing."
The Blue Room,Drink,6,RR,R150-R300,All Year,"Soulful, Sophisticated, Jazzy",Premier live jazz and blues cocktail lounge on Bree Street featuring a state-of-the-art recording studio.
Sticks McGee,Food,6,RR,R150-R300,All Year,"Student, Casual, Pub",Rondebosch landmark serving generous portions of pub-style meals.
Rush Trampoline,Activity,6,RR,R160 - R260,All Year,"Energetic, Active, Fun",A massive indoor trampoline park with dodgeball courts and ninja courses.
Ferdinando's Pizza,Food,6,RR,R180-R250,All Year,"Quirky, Authentic, Warm",Voted top pizza in SA; a character-filled spot in Observatory.
Maria’s Greek Café,Food,6,RR,R180+,All Year,"Magical, Pavement, Mediterranean",A Dunkley Square classic offering Mediterranean plates and chicken souvlaki under the trees of a leafy historic square.
Sidecar Adventures,Activity,6,RRR,"R2,000+",Summer,"Vintage, Scenic, Fun",See the city or winelands from the sidecar of a vintage motorcycle.
Afrikaans Monument,Culture,6,R,R20 - R80,All Year,"Historic, Artistic, Scenic",A uniquely constructed monument in Paarl celebrating the Afrikaans language
Jarryds Sea Point,Food,6,RR,R200,All Year,"Brunch, Trendy, Local",A beloved brunch spot famous for generous portions and blueberry protein smoothies.
SkyHi Ride,Activity,6,RR,R200-R250,Summer,"Thrilling, Aerial, Brief",A gravity-defying chair lift launch from the 28th floor of Hotel Sky.
Bo-Kaap Kombuis,Food,6,RR,R200-R350,All Year,"Heritage, Authentic, Panoramic","Perched on Signal Hill, this family-run restaurant serves traditional Cape Malay curries with incredible city views."
Tagine,Food,6,RR,R200-R350,All Year,"Moroccan, Colourful, Middle-Eastern",De Waterkant restaurant serving incredible North African breakfasts and stews.
Cloud 9 Rooftop,Drink,6,RR,R200-R400,Summer,"360-View, Upbeat, Social",Upper CBD boutique hotel bar with a tiered deck and mountain vistas.
Active Sushi,Food,6,RR,R200+,All Year,"Budget, Stylish, Social",Offering a stylish experience with a wallet-friendly all-you-can-eat sushi deal across three popular city locations.
Cabo Beach Club,Drink,6,RR,R200+,Summer,"Vibrant, Chic, Sunset",A beach lounge by day and club by night with a pool and DJ.
Three Wise Monkeys,Food,6,RR,R250-R350,All Year,"Izakaya, Ramen, Casual","A popular Sea Point spot specializing in authentic ramen, sushi, and Japanese street food."
Department of Coffee,Drink,6,R,R30-R50,All Year,"Authentic, Local, Social",South Africa’s first township-based artisan coffee shop in Khayelitsha.
Salt River Street Art,Culture,6,RR,R300-R400,All Year,"Immersive, Artistic, Murals",A guided walking tour through an open-air gallery of iconic local murals.
Chavonnes Battery,Culture,6,R,R35 - R100,All Year,"Historic, Military, Unique",features excavated 18th-century VOC coastal ruins and rotating international photo exhibitions.
Heart of Cape Town Museum,Culture,6,RR,R350,All Year,"Medical, Historical, Pioneering",Honors the world’s first successful human heart transplant at Groote Schuur Hospital.
Oudekraal Reserve,Nature,6,R,R40-R140,Summer,"Relaxed, Social, Scenic","Protected nature reserve offering braai spots, a small beach, and calm water perfect for social summer days."
Pauline’s,Drink,6,R,R42-R100,All Year,"Wellness, Minimalist, Healthy","A minimalist coffee staple in Sea Point and Gardens focusing on consciously-sourced coffee and organic, vegan treats."
Silvermine,Nature,6,R,R5 - R44,All Year,"Wild, Adventurous, Serene","A nature reserve featuring over 1,000 plant species and popular waterfall hikes."
Labia Cinema,Culture,6,R,R50,All Year,"Retro, Independent, Cozy",The oldest independent art-repertory cinema in South Africa showing curated classics.
Culture Wine Bar,Drink,6,R,R50 - R150,All Year,"Elegant, Candlelit, Social",unpolished Bree Street venue offering spontaneous tastings of SA’s finest rare vintages.
Honest Chocolate,Food,6,R,R50 - R150,All Year,"Indulgent, Sweet, Ethical",A bean-to-bar café serving ethically sourced chocolate and decadent treats.
Buns Bakery,Food,6,R,R50-R150,All Year,"Small-batch, Vegan, Sweet",Specialized bakery at the Old Biscuit Mill known for artisanal vegan cakes.
Rosetta Roastery,Drink,6,R,R60-R100,All Year,"Minimalist, Specialized, Industrial",Woodstock espresso bar focusing purely on single-origin coffee beans.
Sandboarding (Atlantis),Activity,6,RRR,R699,All Year,"Fast, Dusty, Unique",Blast down white sand dunes up to 35 meters high on a custom board.
Fish on the Rocks,Food,6,R,R80-R150,All Year,"No-frills, Seaside, Iconic",A classic Hout Bay harbor shack serving hearty portions of traditional snoek and chips at reasonable prices.
Green Point Park,Nature,7,Free,Free,All Year,"Family, Chill, Active","A lush park featuring a biodiversity garden, fitness equipment, and fun maze for kids."
The Book Lounge,Culture,7,Free,Free,All Year,"Literary, Cozy, Independent",A CBD bookstore hosting literary events and a dedicated children’s storytelling section.
Dorp Street,Culture,7,Free,Free,All Year,"Historical, Oak-Lined, Quaint","One of the oldest roads in SA, lined with Cape Dutch and Victorian buildings."
St James Walk,Activity,7,Free,Free,All Year,"Coastal, Gentle, Scenic",A stunning coastal walkway connecting Muizenberg to Kalk Bay via St James.
Camps Bay Tidal Pool,Nature,7,Free,Free,Summer,"Refreshing, Safe, Scenic","A calm, clear tidal pool protected from large waves at the beach's southern end."
Acrobranch,Activity,7,R,R100 - R300,All Year,"Adventurous, Family, Forest",A wild treetop adventure with ziplines and obstacles suitable for all ages.
The Waiting Room,Drink,7,R,R100-R200,All Year,"Indie, Laid-back, Alternative","Rooftop bar on Long Street with a cool indie feel, hosting live bands and themed dance sessions"
Our Local,Food,7,R,R100-R250,All Year,"Greenhouse, Eclectic, Lush","An eclectic former workshop turned plant-filled nursery cafe, legendary for green shakshuka and social weekend brunches."
Aubergine Restaurant,Food,7,RRR,R1000,All Year,"Sophisticated, Fine-Dining, Fusion",A top-tier Gardens restaurant blending Eastern and Western flavours with local ingredients.
Zuney,Food,7,R,R120-R190,All Year,"Wagyu, Modern, Sustainable",A sustainable farm-to-table spot on Kloof Street serving critically acclaimed wagyu smash burgers and dripping-fried chips.
Clarke’s Bar & Dining Room,Food,7,R,R120+,All Year,"Trendy, Diner, Hipster",A stylish Bree Street staple serving excellent burgers and well-priced breakfast specials for the local digital nomad crowd.
World of Birds,Nature,7,R,R130,All Year,"Wild, Diverse, Natural","The largest bird park in Africa, home to over 3,000 birds and monkeys."
Beerhouse on Long,Drink,7,RR,R150-R250,All Year,"Vibrant, Craft-Beer, Social",A lively Long Street venue featuring ninety-nine bottles of craft beer on the wall.
Jerry’s Burger Bar,Food,7,RR,R150-R250,All Year,"New-York, Casual, Industrial",Sophisticated burger joint offering unique stuffed patties and craft beer.
Cape Point Vineyards,Food,7,RR,R150-R250,Summer,"Festive, Wine, Sunset",Vineyard famous for its Thursday night market and sunset picnic lawn.
Asoka,Drink,7,RR,R150-R300,All Year,"Moody, Energetic, Glamorous","Dimly lit cocktail lounge centered around a historic olive tree, known for tapas and live music."
The House of Machines,Drink,7,RR,R150-R300,All Year,"Gritty, Motorbike-Culture, Social","Combines custom motorcycles with specialty coffee, cocktails, and live music."
Lourensford Market,Food,7,RR,R150-R300,Summer,"Festive, Scenic, Family",A Friday night and weekend market on a historic Somerset West wine estate.
Leopard Bar,Drink,7,RR,R150-R350,All Year,"Luxury, Romantic, Sunset",High-end hotel bar with a balcony offering epic ocean views and world-class sunset cocktails.
Giovanni’s Deliworld,Food,7,RR,R150+,All Year,"Authentic, Italian, Bustling",An iconic Green Point deli where locals gather for espresso and supplies for beach-side picnics.
Between Us,Food,7,RR,R180+,All Year,"Minimalist, Posh, Stylish",A stylish Bree Street sanctuary offering a posh breakfast menu including polenta pancakes and seasonal fruit porridge.
Kelp Forest Scuba,Activity,7,RRR,"R2,500",All Year,"Ethereal, Underwater, Marine",Dive into the Great African Seaforest to see shy sharks and starfish.
El Burro,Food,7,RR,R200-R350,All Year,"Mexican, Authentic, Social",Trendy Green Point spot known for authentic tacos and extensive tequila.
Gigi Rooftop,Drink,7,RR,R200-R400,All Year,"Trendy, Sophisticated, Panoramic",Stylish hotel rooftop bar featuring a splash pool and top-tier service with stunning city views.
SunSquare Rooftop Bar,Drink,7,RR,R200-R400,Summer,"Panoramic, Modern, Social",Hotel rooftop featuring a splash pool and cocktails with expansive city views.
Zeitz MOCAA,Culture,7,RR,R250,All Year,"Modern, Grand, Artistic",Explore nine floors of contemporary African art in a repurposed historic grain silo.
Gigi Rooftop Bar,Drink,7,RR,R250-R500,Summer,"Chic, Urban, Social",A trendy CBD spot for sundowners with a pool and lush decor.
Franschhoek Wine Tram,Activity,7,RR,R300+,Summer,"Scenic, Social, Relaxed",A hop-on hop-off tram traveling through various historic wine estates in the valley.
Scratch Patch,Activity,7,R,R35 - R160,All Year,"Calming, Playful, Unique","A fun ""cave"" where you can scramble for semi-precious gemstones."
Stardust Theatrical Dining,Culture,7,RR,R435-R590,All Year,"Energetic, Musical, Entertaining","A unique ""dinner-and-a-show"" experience where the waitstaff are professionally trained performers taking the stage between courses."
Clay Café,Activity,7,R,R45,All Year,"Creative, Family, Social",Choose from over 180 items to paint while enjoying food and creative vibes.
Origin Coffee Roasting,Drink,7,R,R45+,All Year,"Industrial, Artisanal, Educational","A pioneer in Cape Town’s craft coffee scene, offering diverse bean varieties and an onsite barista school."
Gold Restaurant,Food,7,RRR,R450-R600,All Year,"Vibrant, Cultural, Sensory",A 14-dish African feast accompanied by Malian puppets and traditional drumming.
Castle of Good Hope,Culture,7,R,R50,All Year,"Historic, Military, colonial","Explore South Africa’s oldest colonial building, featuring military museums and ceremonial cannon firing."
Kalky’s Fish & Chips,Food,7,R,R50 - R150,All Year,"Local, Casual, Coastal",A local rite of passage in Kalk Bay serving fresh seafood with sea breezes.
Slave Lodge,Culture,7,R,R50 - R80,All Year,"History, Sombre, Educational",Explores the legacy of slavery at the Cape within one of the city's oldest buildings.
South African Museum,Culture,7,R,R50 - R80,All Year,"Natural, Historic, Family","Features 1.5 million items including fossils, ancient insects, and stone tools dating back millennia."
SA National Gallery,Culture,7,R,R50 - R80,All Year,"Artistic, Serene, Reflective","Premier public art museum housing Dutch, European, and contemporary South African masterpieces."
District Six Museum,Culture,7,R,R60,All Year,"Sombre, Educational, History",A personal memorial to a multi-racial community destroyed during the Apartheid regime.
Polkadraai Farm,Nature,7,R,R60 - R175,Summer,"Fruity, Family, Fun",Pick your own juicy strawberries from September to January in the Stellenbosch heartland.
Nikkei,Food,7,RRR,R600-R1000,All Year,"Fusion, Upscale, Modern",High-class Japanese-Peruvian fusion restaurant on Bree Street.
Pot Luck Club,Food,7,RRR,R600+,All Year,"Industrial, Tapas, Chic",A top-tier tapas-style restaurant offering creative small plates and stunning city views.
Constantia Glen,Drink,7,R,R65 - R150,All Year,"Boutique, Scenic, Chill",A boutique vineyard producing premium cool-climate wines with breathtaking views of the Constantia Valley.
Constantia Zipline,Activity,7,RRR,R650,All Year,"Adventurous, Scenic, High-altitude",Fly across 12 platforms reaching 155 meters high above the historic Constantia winelands.
The Labia Theatre,Activity,7,R,R70,All Year,"Vintage, Cultural, Classic",South Africa’s oldest independent art-repertory cinema with unique vintage charm and curated screenings.
Labia Theatre,Culture,7,R,R70,All Year,"Retro, Independent, Charming",South Africa’s oldest independent art-house cinema with an old-world ballroom feel.
Bo-Kaap Cooking Class,Culture,7,RRR,R700,All Year,"Authentic, Interactive, Spicy",Learn the secrets of traditional Cape Malay cuisine in a local family kitchen.
Nice to Matcha,Drink,7,R,R80,All Year,"Ceremonial-grade, Trendy, It-spot",A specialized matcha bar in Sea Point serving ceremonial-grade drinks in flavors like sea salt and vanilla bean.
De Grendel,Food,7,RRR,R800,All Year,"Michelin-star, Panoramic, Winelands",Sophisticated estate offering fine dining with spectacular Table Mountain views.
Cool Runnings,Activity,7,R,R85 - R225,All Year,"Adrenaline, Family, Fun","Africa’s first downhill toboggan track featuring twists, turns, and 17 corners."
Lion's Head Hike,Nature,8,Free,Free,All Year,"Adventurous, Panoramic, Active",A 90-minute moderate climb featuring 360-degree views of the city and Table Mountain.
Skeleton Gorge,Nature,8,Free,Free,All Year,"Lush, Strenuous, Surprising","Ascend through forest to find a ""beach"" at the Hely-Hutchinson reservoir atop Table Mountain. Entry through Kirstenbosch Gardens"
Signal Hill,Nature,8,Free,Free,Summer,"Sunset, Picnic, Views",A popular spot for sunset picnics offering killer 360-degree views of the city.
Muizenberg,Nature,8,Free,Free,All Year,"Chill, Surfing, Artistic",A vibrant beach town known for its colorful Victorian huts and surfing culture.
The Company’s Garden,Nature,8,Free,Free,All Year,"Historic, Peaceful, Central","South Africa’s oldest park, featuring historic statues, a rose garden, and tame squirrels."
Oranjezicht Market,Food,8,Free,Free Entry,All Year,"Social, Artisanal, Fresh",A vibrant community-run farmers' market connecting small-scale farmers with urban consumers.
Neighbourgoods Market,Food,8,Free,Free Entry,All Year,"Hipster, Social, Artisanal","A weekend gathering of local artisans, designers, and foodies at the Old Biscuit Mill."
Old Biscuit Mill,Food,8,Free,Free Entry,All Year,"Artisan, Trendy, Culinary",A creative hub in Woodstock hosting the city's most popular artisan food markets.
Helicopter Tour,Activity,8,RRR,"From R2,420",All Year,"Aerial, Thrilling, Posh",Scenic flights over the Peninsula offering unparalleled views of Table Mountain.
Tandem Paragliding,Activity,8,RRR,"R1,900",All Year,"Thrilling, Panoramic, Wind-swept",Soar from Signal Hill or Lion's Head for unbeatable views of the Atlantic Seaboard.
MOJO Market,Food,8,R,R100-R300,All Year,"Bustling, Lively, Social","A Sea Point indoor market open 365 days a year with food stalls, live music, and bars."
Bay Harbour Market,Culture,8,R,R100+,Summer,"Rustic, Lively, Social","A vibrant Hout Bay weekend market featuring live music, local crafts, and diverse street food stalls."
Belly of the Beast,Food,8,RRR,R1000+,All Year,"Intimate, Masterful, Seasonal",An intimate 24-seater nose-to-tail eatery serving a monthly-changing set menu using seasonal ingredients.
Salon,Food,8,RRR,R1200+,All Year,"Experimental, Intimate, Creative",An experimental fine-dining laboratory by Luke Dale Roberts exploring global flavors through a South African lens.
Groot Constantia,Drink,8,R,R145 - R155,All Year,"Historic, Scenic, Elegant","South Africa’s oldest wine-producing estate, famous for its historic Grand Constance dessert wine."
Jarryds Brunch and Bistro,Food,8,RR,R150-R250,All Year,"Trendy, Social, Vibrant",An upbeat Sea Point institution known for high-quality Australian-style brunch and viral pancake stacks.
The Gin Bar,Drink,8,RR,R150+,All Year,"Secret, Cozy, Speakeasy","A secluded ""secret"" bar located behind a chocolate shop, specializing in curated local gin cocktails."
Galileo Open Air Cinema,Culture,8,RR,R155,Summer,"Romantic, Escapist, Magical",Watch classic films under the stars at various picturesque venues across the Cape.
The Cape Wheel,Activity,8,RR,R175 - R250,All Year,"Family-friendly, Romantic, Easy",A giant observation wheel offering elevated views of the city and Table Mountain.
PRIMI Waterfront,Food,8,RR,R200-R350,All Year,"Italian, Family, View",Casual urban-themed restaurant with great views of Granger Bay.
Chinchilla,Drink,8,RR,R200-R450,Summer,"Beachy, Chic, Boho",Bougie Camps Bay rooftop bar offering world-class cocktails and panoramic views of the Atlantic sunset.
Gibson's,Food,8,RR,R250,All Year,"American, Gourmet, Waterfront",Renowned for gourmet burgers and a menu featuring over 200 milkshake flavours.
Truth Coffee,Drink,8,R,R30 - R60,All Year,"Steampunk, Trendy, Unique","A steampunk-inspired coffee roasting warehouse twice dubbed ""The World's Best Coffee Shop""."
Bo-Kaap Museum,Culture,8,R,R50 - R80,All Year,"Colorful, Cultural, Historic",Discover Islamic heritage and local history inside one of Bo-Kaap's oldest 1760s homes.
Mount Nelson Tea,Food,8,RRR,R595,All Year,"Iconic, Fancy, Lavish",A lavish afternoon tea experience featuring finger sandwiches and bubbly in a pink hotel.
Chapman’s Peak Drive,Activity,8,R,R61 - R66,Summer/Autumn,"Scenic, Driving, Coastal",One of the world's most spectacular coastal drives winding between Hout Bay and Noordhoek.
Jason Bakery,Food,8,R,R68-R150,All Year,"Artisanal, Hipster, Bustling","Famous for sourdough loaves, ""doughssants,"" and gourmet pies, this is a cornerstone of Bree Street culture."
Kleinsky’s Deli,Food,8,R,R80-R150,All Year,"Jewish-deli, Bagels, Authentic","A traditional New York-style deli famous for hand-rolled, slow-fermented bagels and unique potato latke eggs Benedict."
Bombay Brasserie,Food,8,RRR,R800,All Year,"Opulent, Refined, Indian",Fine-dining inside the Taj Hotel featuring refined takes on authentic Indian classics.
West Coast National Park,Nature,8,R,R82-R144,All Year,"Pristine, Wild, Turquoise","Stunning park featuring Kraalbaai Beach’s warm, shallow waters and incredible seasonal flower displays."
Bo-Kaap,Culture,9,Free,Free,All Year,"Colorful, Historic, Cultural",Wander through the bright houses of Signal Hill to explore the city’s rich Cape Malay history.
Clifton 4th Beach,Nature,9,Free,Free,Summer,"Romantic, Coastal, Pristine","World-renowned white-sand beach favored for its sheltered cove and ""seeing and being seen""."
First Thursdays,Activity,9,Free,Free,All Year,"Artistic, Social, Evening",A monthly cultural event where city galleries and eateries stay open late for an urban art walk.
Cape Point,Nature,9,R,R110 - R515,Summer/Spring,"Wild, Coastal, Dramatic","Discover rugged cliffs, lighthouses, and diverse wildlife at the southwestern-most tip of Africa."
Salsify at The Roundhouse,Food,9,RRR,R1785,All Year,"Sophisticated, Sunset, Historical",Fine dining set in a historic 17th-century hunting lodge with breathtaking views over Camps Bay.
Pier,Food,9,RRR,R1800+,All Year,"Elegant, Maritime, Theatrical","High-end seaside fine dining at the Waterfront specializing in intricate, ocean-inspired tasting menus."
Two Oceans Aquarium,Activity,9,RR,R200 - R265,All Year,"Family, Marine, Educational",An underwater wonderland showcasing diverse marine life from the Atlantic and Indian Oceans.
FYN,Food,9,RRR,R2175,All Year,"Japanese-Fusion, Industrial, Sophisticated",A world-class kaiseki-style experience blending Japanese techniques with local South African ingredients.
Kloof Street House,Food,9,RR,R250-R375,All Year,"Romantic, Victorian, Atmospheric","Housed in a lush Victorian building, this spot features fairy-lit gardens and a glamorous brasserie-style menu."
Boulders Beach,Nature,9,R,R26-R245,Summer,"Playful, Unique, Wildlife",Get up close with African penguins in their natural habitat at this protected cove.
Shark Cage Diving,Activity,9,RRR,"R3,355",All Year,"Conservation, Intense, Marine",Meet bronze whaler sharks face-to-face in the waters off Gansbaai or Simon’s Town.
Skydiving,Activity,9,RRR,"R3,450",Summer,"Extreme, Aerial, Adrenaline","Experience a 9,000ft tandem jump with views of the entire Cape Peninsula."
Wine Tram,Drink,9,RR,R300 - R700,All Year,"Social, Scenic, Unique",A hop-on hop-off tram experience through picturesque Franschhoek valley wineries.
Kirstenbosch Concerts,Culture,9,RR,R360,Summer,"Musical, Relaxed, Scenic",Enjoy live music from top local artists on the lawns of the world-renowned botanical gardens.
Robben Island Museum,Culture,9,RR,R400 - R600,Summer/Spring,"History, Emotional, Reflective","Visit the prison where Nelson Mandela spent 18 years, led by former political prisoners."
Harbour House,Food,9,RR,R400+,All Year,"Coastal, Elegant, Scenic",Upscale seafood dining with floor-to-ceiling windows providing panoramic views of the crashing Kalk Bay waves.
Truth Coffee Roasting,Drink,9,R,R55,All Year,"Steampunk, Iconic, Artisanal",This internationally acclaimed steampunk-themed roastery serves premium single-origin coffee in a converted warehouse.
Chapman’s Peak,Nature,9,R,R66 (per car),All Year,"Scenic, Breathless, Coastal",A winding 9km road carved into cliffs offering world-famous oceanic vistas.
V&A Waterfront,Activity,10,Free,Free Access,All Year,"Lively, Hub, Coastal","A working harbor-turned-neighborhood offering world-class shopping, dining, and family-friendly fun."
La Colombe,Food,10,RRR,R2395,Summer,"Fine-Dining, Vineyard, Forest",Award-winning French-Asian fusion served in a theatrical forest setting high above the Constantia valley.
Table Mountain Cableway,Activity,10,RR,R360 - R490,Summer/Spring,"Iconic, Panoramic, Scenic",Ride a rotating cable car for 360-degree views from the city's definitive silhouette.
Kirstenbosch Botanical Garden,Nature,10,R,R40-R250,Summer/Spring,"Lush, Scenic, Relaxed",A world-renowned botanical garden perfect for mountain-side picnics and summer sunset concerts.
Robben Island,Culture,10,RRR,R450-R600,All Year,"Powerful, Historical, Somber",A UNESCO World Heritage site documenting South Africa's struggle for freedom and Nelson Mandela's imprisonment.
Table Mountain Abseiling,Activity,10,RRR,R940,All Year,"Extreme, Iconic, Vertical",Experience the world's highest commercial abseil by dropping 112 meters off the iconic plateau.