Name,Lead_Score,Pain_Score,Advice,Emails,Socials,Website_Status,Issues,Tech_Stack,Rating,Reviews,Website,Phone,Address,id,Tags,Vibes,Package_Name,Package_Price,Package_Includes
Burger Brothers,253.4,,"Traffic Waste: 902 reviews but NO website. Pitch: 'Capture direct bookings'. | High Value: Mentions function, event. Pitch: 'Premium clients expect a premium digital experience'. | Mobile: '50%+ of traffic bounces. We build mobile-first'.",,,Found by Scout,"Website Missing on Maps (Found: burgerbrothers.co.za), SSL Invalid/Missing, Slow Server (TTFB 3.61s), Not Mobile Friendly",,4.3,902,http://burgerbrothers.co.za,+27 21 881 3046,"R310 Baden Powell Dr, Lynedoch, Stellenbosch, 7603, South Africa",01817df5,"['No Website', 'Desktop Only', 'Slow Load', 'Insecure', 'No Socials', 'Luxury']",['Event Venue'],The Digital Foundation,"R 8,500","Custom Website, Google Maps Setup, Basic SEO"
On the Go Coffee Shop Gordons Bay,204.9,,Traffic Waste: 978 reviews but NO website. Pitch: 'Capture direct bookings'.,,,Missing,,,4.5,978,,+27 60 817 9816,"39 Beach Rd, Gordons Bay Central, Cape Town, 7151, South Africa",bf1a9a97,"['No Website', 'No Socials', 'Hidden Gem']",['Cozy/Casual'],The Digital Foundation,"R 8,500","Custom Website, Google Maps Setup, Basic SEO"
Cafe Puka.,203.3,,Traffic Waste: 354 reviews but NO website. Pitch: 'Capture direct bookings'.,,,Missing,,,4.7,354,,+27 21 423 6715,"2 Brunswick Rd, Tamboerskloof, Cape Town, 8001, South Africa",a474f32a,"['No Website', 'No Socials', 'Hidden Gem']",['Cozy/Casual'],The Digital Foundation,"R 8,500","Custom Website, Google Maps Setup, Basic SEO"
"Cheereful Heart - Gifts, Coffee and Cake",202.7,,Traffic Waste: 235 reviews but NO website. Pitch: 'Capture direct bookings'.,,,Missing,,,4.8,235,,+27 83 291 0215,"1 Kyle St, Strand, Cape Town, 7139, South Africa",9eded01f,"['No Website', 'No Socials', 'Hidden Gem']",['Cozy/Casual'],The Digital Foundation,"R 8,500","Custom Website, Google Maps Setup, Basic SEO"
Republique Café,201.1,,Traffic Waste: 146 reviews but NO website. Pitch: 'Capture direct bookings'.,,,Missing,,,4.9,146,,+27 64 726 4480,"19 Andringa St, Stellenbosch Central, Stellenbosch, 7599, South Africa",b6f2a5bc,"['No Website', 'No Socials', 'Hidden Gem']",['Cozy/Casual'],The Digital Foundation,"R 8,500","Custom Website, Google Maps Setup, Basic SEO"
Decameron Restaurant,200.6,,Traffic Waste: 791 reviews but NO website. Pitch: 'Capture direct bookings'.,,,Missing,,,4.4,791,,+27 21 883 3331,"50 Plein St, Stellenbosch Central, Stellenbosch, 7600, South Africa",a96c874c,"['No Website', 'No Socials', 'Hidden Gem']",[],The Digital Foundation,"R 8,500","Custom Website, Google Maps Setup, Basic SEO"
Jeff's Bistro,199.6,,Traffic Waste: 298 reviews but NO website. Pitch: 'Capture direct bookings'.,,,Missing,,,4.6,298,,+27 83 477 4145,"130 Main Rd, Strand, Cape Town, 7139, South Africa",b793c9f2,"['No Website', 'No Socials', 'Hidden Gem']",['Cozy/Casual'],The Digital Foundation,"R 8,500","Custom Website, Google Maps Setup, Basic SEO"
Oh Hello Coffee Stop,198.7,,Traffic Waste: 141 reviews but NO website. Pitch: 'Capture direct bookings'.,,,Missing,,,4.8,141,,+27 72 252 5499,"123 Main Rd, Strand, 7140, South Africa",77d1b185,"['No Website', 'No Socials', 'Hidden Gem']",['Cozy/Casual'],The Digital Foundation,"R 8,500","Custom Website, Google Maps Setup, Basic SEO"
Coffee wave,198.6,,Traffic Waste: 186 reviews but NO website. Pitch: 'Capture direct bookings'.,,,Missing,,,4.7,186,,,"Odeon Towers, shop 68 Beach Rd, Strand, Cape Town, 7140, South Africa",a98ad5a9,"['No Website', 'No Socials', 'Hidden Gem']",['Cozy/Casual'],The Digital Foundation,"R 8,500","Custom Website, Google Maps Setup, Basic SEO"
Saddles Steak Ranch Bottelary,198.4,,Traffic Waste: 1598 reviews but NO website. Pitch: 'Capture direct bookings'.,,,Missing,,,4.2,1598,,+27 21 206 7831,"25 Bottelary Rd, Koelenhof, Cape Town, 7600, South Africa",05f26074,"['No Website', 'No Socials', 'Hidden Gem']",[],The Digital Foundation,"R 8,500","Custom Website, Google Maps Setup, Basic SEO"
Street Cafe Food Truck,198.2,,Traffic Waste: 244 reviews but NO website. Pitch: 'Capture direct bookings'.,,,Missing,,,4.6,244,,+27 76 841 0469,"1km from Camps Bay, towards, Hout Bay, Cape Town, 8005, South Africa",86569273,"['No Website', 'No Socials', 'Hidden Gem']",['Cozy/Casual'],The Digital Foundation,"R 8,500","Custom Website, Google Maps Setup, Basic SEO"
Village Coffee Shop,197.3,,Traffic Waste: 215 reviews but NO website. Pitch: 'Capture direct bookings'.,,,Missing,,,4.6,215,,+27 61 616 2791,"17 M E Rothman St, Parow North, Cape Town, 7500, South Africa",49fa0f2d,"['No Website', 'No Socials', 'Hidden Gem']",['Cozy/Casual'],The Digital Foundation,"R 8,500","Custom Website, Google Maps Setup, Basic SEO"
Halō Coffee,196.7,,Traffic Waste: 109 reviews but NO website. Pitch: 'Capture direct bookings'.,,,Missing,,,4.8,109,,+27 83 297 3971,"In the foyer of, 117 Strand St, Cape Town City Centre, Cape Town, 8001, South Africa",ccf410d2,"['No Website', 'No Socials', 'Hidden Gem']",['Cozy/Casual'],The Digital Foundation,"R 8,500","Custom Website, Google Maps Setup, Basic SEO"
Soul Café,194.7,,Traffic Waste: 147 reviews but NO website. Pitch: 'Capture direct bookings'.,,,Missing,,,4.6,147,,,"98 Beach Rd, Strand, Cape Town, 7140, South Africa",beb192ab,"['No Website', 'No Socials', 'Hidden Gem']",['Cozy/Casual'],The Digital Foundation,"R 8,500","Custom Website, Google Maps Setup, Basic SEO"
HeBrews Strand,192.6,,General Upgrade: 'Modernize digital presence'.,,,Missing,,,4.7,83,,+27 72 776 9271,"Shop 3, CBD, Vanbro Building, 28 Michau St, Strand, Cape Town, 7140, South Africa",ba789ad8,"['No Website', 'No Socials', 'Hidden Gem']",['Cozy/Casual'],The Digital Foundation,"R 8,500","Custom Website, Google Maps Setup, Basic SEO"
Vista Cafe,185.7,,Traffic Waste: 139 reviews but NO website. Pitch: 'Capture direct bookings'.,,,Missing,,,4.2,139,,+27 21 425 3631,"44 Hertzog Blvd, Foreshore, Cape Town, 8001, South Africa",7536b817,"['No Website', 'No Socials', 'Hidden Gem']",['Cozy/Casual'],The Digital Foundation,"R 8,500","Custom Website, Google Maps Setup, Basic SEO"
Slurp Noodle Bar,184.5,,General Upgrade: 'Modernize digital presence'.,,,Missing,,,4.4,56,,+27 69 191 1202,"Shop 6, Simonsplein Centre, Plein St, Stellenbosch Central, Stellenbosch, 7600, South Africa",d51ecf65,"['No Website', 'No Socials', 'Hidden Gem']",[],The Digital Foundation,"R 8,500","Custom Website, Google Maps Setup, Basic SEO"
Casa Cerveza.,182.4,,"[HIGH VALUE] Running Ads but site is poor. Pitch: 'Stop wasting ad spend on a broken site'. | Traffic Waste: 466 reviews but NO website. Pitch: 'Capture direct bookings'. | High Value: Mentions function, event, estate. Pitch: 'Premium clients expect a premium digital experience'.",info@casacerveza.co.za,"Instagram, Facebook",Found by Scout,"Website Missing on Maps (Found: casacerveza.co.za), Slow Server (TTFB 21.94s)","Google Analytics, Twitter Bootstrap",4.4,466,http://casacerveza.co.za,+27 81 764 9215,"54 Dorp Street Corner Dorp &, Black Horse Center, Mark St, Stellenbosch Central, Stellenbosch, 7600, South Africa",9ed4b2a4,"['No Website', 'Slow Load', 'Luxury']",['Event Venue'],The Digital Foundation,"R 8,500","Custom Website, Google Maps Setup, Basic SEO"
'N Ice,164.8,,"Traffic Waste: 452 reviews but NO website. Pitch: 'Capture direct bookings'. | High Value: Mentions function, event. Pitch: 'Premium clients expect a premium digital experience'.",,,Found by Scout,Website Missing on Maps (Found: nice.co.za),,4.5,452,http://nice.co.za,+27 21 854 5818,"142 Beach Rd, Strand, Cape Town, 7139, South Africa",6aec3c27,"['No Website', 'No Socials', 'Luxury']",['Event Venue'],The Digital Foundation,"R 8,500","Custom Website, Google Maps Setup, Basic SEO"
The Waffle Cafe,162.4,,[CRITICAL] Site is DOWN. Pitch: 'Immediate fix needed'.,,,Issues,"SSL Invalid/Missing, Broken Link (Status 403)",,4.6,446,http://www.thewafflecafe.co.za/,+27 79 308 6895,"33 Beach Rd, Gordons Bay Central, Cape Town, 7140, South Africa",56ba1cb3,"['Site Down', 'Insecure', 'No Socials']",['Cozy/Casual'],The Digital Foundation,"R 8,500","Custom Website, Google Maps Setup, Basic SEO"
Clos Malverne Restaurant,159.4,,"High Value: Mentions function, event. Pitch: 'Premium clients expect a premium digital experience'. | Mobile: '50%+ of traffic bounces. We build mobile-first'.",,,Issues,"SSL Invalid/Missing, Not Mobile Friendly",,4.5,913,http://www.closmalvernerestaurant.co.za/,+27 21 865 2022,"Devon Valley Rd, Stellenbosch, 7600, South Africa",7f7cde71,"['Desktop Only', 'Insecure', 'No Socials', 'High Budget', 'Luxury']","['Premium/Luxury', 'Event Venue']",The Modern Refresh,"R 5,500","Mobile-First Redesign, Speed Optimization, Social Integration"
xpresso cafe,158.7,,"[HIGH VALUE] Running Ads but site is poor. Pitch: 'Stop wasting ad spend on a broken site'. | Traffic Waste: 194 reviews but NO website. Pitch: 'Capture direct bookings'. | High Value: Mentions function, event. Pitch: 'Premium clients expect a premium digital experience'.","work@xpressocafe.co.za, orders@xpressocafe.co.za, info@xpressocafe.co.za","Facebook, Instagram",Found by Scout,"Website Missing on Maps (Found: xpressocafe.co.za), Slow Server (TTFB 7.39s)","Google Analytics, WordPress, WooCommerce",3.6,194,http://xpressocafe.co.za,+27 21 551 0548,"Unnamed Road, Century City, Cape Town, 7446, South Africa",38df8feb,"['No Website', 'Slow Load', 'Luxury']","['Event Venue', 'Cozy/Casual']",The Digital Foundation,"R 8,500","Custom Website, Google Maps Setup, Basic SEO"
Cavalli Estate,147.0,"Pain: 30, Pop: 52, Budget: 65","Marketing Active: They track data. Pitch: 'Improve conversion rates'. | High Value: Mentions wedding, function, event. Pitch: 'Premium clients expect a premium digital experience'. | Refresh: 'Copyright is 2018. Modernize to match your brand'.",info@cavalliestate.com,"Instagram, Facebook, X/Twitter",Issues,Outdated (© 2018),"Facebook Pixel, Google Analytics, WordPress",4.6,1770,https://cavalliestate.com/,+27 21 855 3218,"Strand Rd, Somerset West, Cape Town, 7129, South Africa",76bb3a1d,,,,,
Man'oushe,144.2,,[CRITICAL] Site is DOWN. Pitch: 'Immediate fix needed'.,,,Issues,Broken Link (Status 403),,4.4,1430,http://manoushestellenbosch.com/,+27 21 886 7545,"14 Andringa St, Stellenbosch Central, Stellenbosch, 7600, South Africa",4e1a9cec,"['Site Down', 'No Socials']",[],The Digital Foundation,"R 8,500","Custom Website, Google Maps Setup, Basic SEO"
Millhouse Kitchen,142.1,,[CRITICAL] Site is DOWN. Pitch: 'Immediate fix needed'.,,,Issues,Broken Link (Status 400),,4.3,1734,https://www.facebook.com/millhousekitchen/,+27 79 717 3799,"Lourensford Wine Estate, Helderberg Rural, Cape Town, 7135, South Africa",616ab6c2,"['Site Down', 'No Socials']",[],The Digital Foundation,"R 8,500","Custom Website, Google Maps Setup, Basic SEO"
REACH Cafe,142.0,,"[HIGH VALUE] Running Ads but site is poor. Pitch: 'Stop wasting ad spend on a broken site'. | High Value: Mentions function, event. Pitch: 'Premium clients expect a premium digital experience'. | Mobile: '50%+ of traffic bounces. We build mobile-first'.",info@reachcafe.co.za,,Issues,Not Mobile Friendly,"Facebook Pixel, Google Analytics",4.6,205,http://www.reachcafe.co.za/,+27 61 549 1922,"83 Janssens Avenue, Table View, Cape Town, 7439, South Africa",db49c056,"['Desktop Only', 'No Socials', 'Ads Active', 'Luxury']",['Event Venue'],The Modern Refresh,"R 5,500","Mobile-First Redesign, Speed Optimization, Social Integration"
Bohemia,140.1,,[CRITICAL] Site is DOWN. Pitch: 'Immediate fix needed'.,,,Issues,Broken Link (Status 400),,4.3,1208,http://www.facebook.com/bohemiaSTB,+27 21 007 1219,"Stellenbosch Central, Stellenbosch, 7600, South Africa",70ec3015,"['Site Down', 'No Socials']",['Energetic/Nightlife'],The Digital Foundation,"R 8,500","Custom Website, Google Maps Setup, Basic SEO"
De Akker,139.4,,[CRITICAL] Site is DOWN. Pitch: 'Immediate fix needed'.,,,Issues,Broken Link (Status 400),,4.3,1080,https://m.facebook.com/DeAkkerPub/,+27 76 042 8762,"90 Dorp St, Stellenbosch, Cape Town, 7600, South Africa",abc2c955,"['Site Down', 'No Socials']",['Energetic/Nightlife'],The Digital Foundation,"R 8,500","Custom Website, Google Maps Setup, Basic SEO"
The Kraal at Joostenberg Wine Estate,138.3,,[CRITICAL] Site is DOWN. Pitch: 'Immediate fix needed'.,,,Issues,Broken Link (Status 429),,4.8,134,http://joostenberg.co.za/the_kraal_restaurant/,+27 79 641 1320,"Joostenberg Wine Estate, Hoopenburg Road Muldersvlei, 7606, South Africa",dd7b1df7,"['Site Down', 'No Socials']",[],The Digital Foundation,"R 8,500","Custom Website, Google Maps Setup, Basic SEO"
Timeless Coffee Shop,137.9,,[CRITICAL] Site is DOWN. Pitch: 'Immediate fix needed'.,,,Issues,Broken Link (Status 400),,4.3,824,https://www.facebook.com/Timeless.cafe.Strand,,"132 Beach Rd, Strand, Cape Town, 7140, South Africa",c6e13777,"['Site Down', 'No Socials']",['Cozy/Casual'],The Digital Foundation,"R 8,500","Custom Website, Google Maps Setup, Basic SEO"
K1Sushi,137.6,,General Upgrade: 'Modernize digital presence'.,,,Missing,,,4.8,34,,+27 74 554 6039,"Andringa St, Stellenbosch Central, Stellenbosch, 7600, South Africa",fd8b5a3e,"['No Website', 'No Socials']",[],The Digital Foundation,"R 8,500","Custom Website, Google Maps Setup, Basic SEO"
Muscle Lounge,137.5,,General Upgrade: 'Modernize digital presence'.,,,Missing,,,4.9,28,,+27 76 720 1756,"Planet Fitness, 117 Strand St, Cape Town City Centre, Cape Town, 8001, South Africa",3597d92d,"['No Website', 'No Socials']",['Cozy/Casual'],The Digital Foundation,"R 8,500","Custom Website, Google Maps Setup, Basic SEO"
Coffee Connect,136.2,,[CRITICAL] Site is DOWN. Pitch: 'Immediate fix needed'.,,,Issues,Broken Link (Status 400),,4.5,261,https://www.facebook.com/CoffeeConnectCafe/,+27 71 646 6525,"Shop 3, Grasso Building, 106 Beach Rd, Strand, Cape Town, 7140, South Africa",235123b2,"['Site Down', 'No Socials']",['Cozy/Casual'],The Digital Foundation,"R 8,500","Custom Website, Google Maps Setup, Basic SEO"
Rome in a bite,135.6,,Traffic Waste: 691 reviews but NO website. Pitch: 'Capture direct bookings'.,,,Missing,,,3.9,691,,+27 21 886 5123,"7 Andringa St, Stellenbosch Central, Stellenbosch, 7600, South Africa",14eb781a,"['No Website', 'No Socials']",[],The Digital Foundation,"R 8,500","Custom Website, Google Maps Setup, Basic SEO"
Bluebird Café.,135.3,"Pain: 100, Pop: 35, Budget: 0",Traffic Waste: 521 reviews but NO website. Pitch: 'Capture direct bookings instead of giving fees to UberEats/Booking platforms'.,,,Missing,No Website,,4.3,521,,,"R44, Stellenbosch NU, Stellenbosch, 7603, South Africa",06ed3cc6,,,,,
The Bean and Barrel @Bachelors,134.9,,[CRITICAL] Site is DOWN. Pitch: 'Immediate fix needed'.,,,Issues,Broken Link (Status 400),,4.5,211,https://www.facebook.com/profile.php?id=100084536407199&mibextid=ZbWKwL,+27 76 276 7556,"71 Beach Rd, Gordons Bay Central, Cape Town, 7151, South Africa",991f77db,"['Site Down', 'No Socials']",['Cozy/Casual'],The Digital Foundation,"R 8,500","Custom Website, Google Maps Setup, Basic SEO"
Sea Foam Coffee,134.6,,General Upgrade: 'Modernize digital presence'.,,,Missing,,,5.0,17,,,"2326 The Strand, Galveston, TX 77550, USA",aa805cc0,"['No Website', 'No Socials']",['Cozy/Casual'],The Digital Foundation,"R 8,500","Custom Website, Google Maps Setup, Basic SEO"
Garden Cafe,132.0,,General Upgrade: 'Modernize digital presence'.,,,Missing,,,4.4,37,,+27 82 783 7207,"8 Henry Vos Cl, Asla park, Cape Town, 7140, South Africa",1291249d,"['No Website', 'No Socials']",['Cozy/Casual'],The Digital Foundation,"R 8,500","Custom Website, Google Maps Setup, Basic SEO"
SMITTEN Burgers,131.7,,General Upgrade: 'Modernize digital presence'.,,,Missing,,,4.5,28,,+27 72 312 8001,"Summerhill Wines Stellenbosch R, 44 Klapmuts - Simondium Rd, Stellenbosch, Cape Town, 8005, South Africa",1a60d551,"['No Website', 'No Socials']",[],The Digital Foundation,"R 8,500","Custom Website, Google Maps Setup, Basic SEO"
Gochu Gang Stellenbosch,131.4,,[CRITICAL] Site is DOWN. Pitch: 'Immediate fix needed'.,,,Issues,Broken Link (Status 400),,4.4,174,https://www.facebook.com/profile.php?id=100093054196932&mibextid=LQQJ4d,+27 21 001 8555,"Shop 38, 43 Andringa St, Stellenbosch Central, Stellenbosch, 7600, South Africa",8766cf15,"['Site Down', 'No Socials']",[],The Digital Foundation,"R 8,500","Custom Website, Google Maps Setup, Basic SEO"
Bean Spoiled COFFEE,130.6,,General Upgrade: 'Modernize digital presence'.,,,Issues,Broken Link (Status 400),,5.0,34,https://www.facebook.com/beanspoiled,+27 76 875 6634,"Beach Rd, Strand, Cape Town, 7140, South Africa",501083ff,"['Site Down', 'No Socials']",['Cozy/Casual'],The Digital Foundation,"R 8,500","Custom Website, Google Maps Setup, Basic SEO"
Chilli Bean Co.,130.1,,General Upgrade: 'Modernize digital presence'.,,,Missing,,,4.8,13,,+27 79 889 4643,"Beach Rd, Strand, Cape Town, 7151, South Africa",15e0620d,"['No Website', 'No Socials']",['Cozy/Casual'],The Digital Foundation,"R 8,500","Custom Website, Google Maps Setup, Basic SEO"
Millstone Cafe,127.9,,General Upgrade: 'Modernize digital presence'.,,,Issues,Broken Link (Status 400),,4.5,72,https://www.facebook.com/MillstoneCoffeeCT,+27 72 301 2613,"80 Alexandra Rd, Oude Molen Village, Cape Town, 7405, South Africa",832e7550,"['Site Down', 'No Socials']",['Cozy/Casual'],The Digital Foundation,"R 8,500","Custom Website, Google Maps Setup, Basic SEO"
Me time cafe,127.7,,General Upgrade: 'Modernize digital presence'.,,,Missing,,,4.7,11,,+27 72 317 2823,"Corner of Church and, Heinecke St, Strand, 7130, South Africa",269203ae,"['No Website', 'No Socials']",['Cozy/Casual'],The Digital Foundation,"R 8,500","Custom Website, Google Maps Setup, Basic SEO"
Taishan Restaurant(Stellenbosch),123.8,,General Upgrade: 'Modernize digital presence'.,,,Issues,Broken Link (Status 400),,4.2,96,https://www.facebook.com/taishanstellenbosch,+27 21 883 8917,"ZA Cape Town Shop 6 Stellmark Centre, Andringa st and, Merriman Ave, Stellenbosch Central, Stellenbosch, 7600, South Africa",b48b929d,"['Site Down', 'No Socials']",[],The Digital Foundation,"R 8,500","Custom Website, Google Maps Setup, Basic SEO"
Arizona Spur,123.4,,[CRITICAL] Site is DOWN. Pitch: 'Immediate fix needed'.,,,Issues,Broken Link (Status 404),,3.8,853,https://www.spursteakranches.com/za/restaurant/western-cape/stellenbosch/stellenbosch-central/arizona-spur?utm_source=google_maps&utm_medium=website_button&utm_campaign=SP&utm_content=SP,+27 21 886 4511,"Shop E201, Eikestad Mall, 43 Andringa St, Stellenbosch Central, Stellenbosch, 7600, South Africa",0b632492,"['Site Down', 'No Socials']",[],The Digital Foundation,"R 8,500","Custom Website, Google Maps Setup, Basic SEO"
Grounded Cafe @ Strand Trading Post,119.1,,General Upgrade: 'Modernize digital presence'.,,,Issues,Broken Link (Status 400),,5.0,9,https://www.facebook.com/urcd.christianclothing?mibextid=ZbWKwL,+27 76 601 7482,"Cnr Main Road &, Aerodrome Rd, Strand, Cape Town, 7130, South Africa",9cb0783d,"['Site Down', 'No Socials']",['Cozy/Casual'],The Digital Foundation,"R 8,500","Custom Website, Google Maps Setup, Basic SEO"
Zevenwacht Restaurant,112.6,,"[HIGH VALUE] Running Ads but site is poor. Pitch: 'Stop wasting ad spend on a broken site'. | High Value: Mentions wedding, function, event. Pitch: 'Premium clients expect a premium digital experience'.","info@zevenwacht.co.za, wine-tasting@zevenwacht.co.za, restaurant@zevenwacht.co.za","Instagram, Facebook",Issues,Slow Server (TTFB 17.55s),"Google Analytics, WordPress, WooCommerce",4.5,1497,https://www.zevenwacht.co.za/,+27 21 900 5700,"Langverwacht Rd, Kuils River, Cape Town, 7579, South Africa",2bdcfb8f,"['Slow Load', 'High Budget', 'Luxury']","['Premium/Luxury', 'Event Venue']",Performance Marketing,"R 3,500 / mo","Conversion Rate Optimization (CRO), Landing Pages, Ad Management"
Le Pommier Restaurant,107.5,,"[HIGH VALUE] Running Ads but site is poor. Pitch: 'Stop wasting ad spend on a broken site'. | High Value: Mentions wedding, function, event. Pitch: 'Premium clients expect a premium digital experience'.",,"Instagram, Facebook, X/Twitter",Issues,Slow Server (TTFB 2.43s),"Facebook Pixel, Google Analytics, WordPress, WooCommerce",4.5,684,http://www.lepommier.co.za/,+27 21 885 1269,"Stellenbosch, 4800, South Africa",5a873830,"['Slow Load', 'Ads Active', 'Luxury']",['Event Venue'],Performance Marketing,"R 3,500 / mo","Conversion Rate Optimization (CRO), Landing Pages, Ad Management"
Pajamas and Jam eatery,102.6,,"Marketing Active: Tracks data. Pitch: 'Improve conversion rates with better UX'. | High Value: Mentions function, event. Pitch: 'Premium clients expect a premium digital experience'.",,"Facebook, Instagram",Good,,"Facebook Pixel, Google Analytics",4.6,3961,https://www.pajamasandjam.com/,+27 79 804 6813,"32 Van Zyl St, Strand, Cape Town, 7140, South Africa",74062ce0,"['Ads Active', 'Luxury']",['Event Venue'],Performance Marketing,"R 3,500 / mo","Conversion Rate Optimization (CRO), Landing Pages, Ad Management"
Kleine Zalze Restaurant,101.3,,"[HIGH VALUE] Running Ads but site is poor. Pitch: 'Stop wasting ad spend on a broken site'. | High Value: Mentions function, event, estate. Pitch: 'Premium clients expect a premium digital experience'.","restaurant@kleinezalze.co.za, sales@kleinezalze.co.za, quality@kleinezalze.co.za","Instagram, Facebook, X/Twitter",Issues,Slow Server (TTFB 41.71s),Google Analytics,4.5,263,http://www.kleinezalze.co.za/,+27 21 880 8167,"Strand Rd, De Zalze Golf Estate, Stellenbosch, 7600, South Africa",41179965,"['Slow Load', 'High Budget', 'Luxury']","['Premium/Luxury', 'Event Venue']",Performance Marketing,"R 3,500 / mo","Conversion Rate Optimization (CRO), Landing Pages, Ad Management"
Piza ē Vino Stellenbosch,101.1,,"[HIGH VALUE] Running Ads but site is poor. Pitch: 'Stop wasting ad spend on a broken site'. | High Value: Mentions function, event. Pitch: 'Premium clients expect a premium digital experience'.",info@pizaevino.co.za,"Instagram, Facebook",Issues,Slow Server (TTFB 7.66s),"Facebook Pixel, Google Analytics, WordPress, Materialize CSS",4.2,1028,http://pizaevino.co.za/,+27 21 880 0051,"Kloof St, Jamestown, Stellenbosch, 7600, South Africa",7bb73b06,"['Slow Load', 'Ads Active', 'Luxury']",['Event Venue'],Performance Marketing,"R 3,500 / mo","Conversion Rate Optimization (CRO), Landing Pages, Ad Management"
KWIKSPAR Strand,101.0,,"[HIGH VALUE] Running Ads but site is poor. Pitch: 'Stop wasting ad spend on a broken site'. | High Value: Mentions function, event. Pitch: 'Premium clients expect a premium digital experience'.",managers@strandspar.co.za,Facebook,Issues,Slow Server (TTFB 4.10s),"Facebook Pixel, Google Analytics, Kentico CMS, Microsoft ASP.NET, Twitter Bootstrap",4.2,994,https://www.spar.co.za/Home/Store-View/KWIKSPAR-Strand-Western-Cape,+27 21 853 2095,"89 Broadway Blvd, Goede Hoop, Cape Town, 7140, South Africa",fb30a0a7,"['Slow Load', 'Ads Active', 'Luxury']",['Event Venue'],Performance Marketing,"R 3,500 / mo","Conversion Rate Optimization (CRO), Landing Pages, Ad Management"
SPAR Cinnamon Square,99.2,,"[HIGH VALUE] Running Ads but site is poor. Pitch: 'Stop wasting ad spend on a broken site'. | High Value: Mentions function, event, estate. Pitch: 'Premium clients expect a premium digital experience'.",,Facebook,Issues,Slow Server (TTFB 2.13s),"Facebook Pixel, Google Analytics, Kentico CMS, Microsoft ASP.NET, Twitter Bootstrap",4.1,1275,https://www.spar.co.za/Store-Finder,+27 21 850 8892,"Smokers Deli Branch3 Exotic parfumes, Rusthof Rd, Rusthof, Cape Town, 7140, South Africa",47ab1748,"['Slow Load', 'Ads Active', 'Luxury']",['Event Venue'],Performance Marketing,"R 3,500 / mo","Conversion Rate Optimization (CRO), Landing Pages, Ad Management"
Vendetta's Pizzeria,99.0,,"High Value: Mentions function, event. Pitch: 'Premium clients expect a premium digital experience'.",5858info@vendettaspizzeria.co.za,"Instagram, Facebook",Issues,Slow Server (TTFB 3.03s),,4.8,3574,http://www.vendettas.co.za/,+27 67 185 5858,"15 Hamman St, Stellenbosch Central, Stellenbosch, 7600, South Africa",325565f3,"['Slow Load', 'Luxury']",['Event Venue'],Growth Retainer,"R 2,500 / mo","SEO Content, Monthly Reporting, Google Business Management"
The Poke Co.,98.9,,"[HIGH VALUE] Running Ads but site is poor. Pitch: 'Stop wasting ad spend on a broken site'. | High Value: Mentions function, event. Pitch: 'Premium clients expect a premium digital experience'.",,,Issues,Slow Server (TTFB 19.51s),"Google Analytics, Twitter Bootstrap, Google AdSense",4.8,275,https://mymenuweb.com/int/restaurants/2007565/?utm_source=google_profile&utm_medium=google_profile&utm_campaign=admin,+27 21 569 9365,"27 Plein St, Stellenbosch Central, Stellenbosch, 7600, South Africa",a09cd2fa,"['Slow Load', 'No Socials', 'Luxury']","['Cozy/Casual', 'Event Venue']",Growth Retainer,"R 2,500 / mo","SEO Content, Monthly Reporting, Google Business Management"
vida e caffè Strand,98.2,,"[HIGH VALUE] Running Ads but site is poor. Pitch: 'Stop wasting ad spend on a broken site'. | High Value: Mentions function, event. Pitch: 'Premium clients expect a premium digital experience'.",feedback@caffe.co.za,"Facebook, X/Twitter, Instagram",Issues,Slow Server (TTFB 4.11s),"Facebook Pixel, Google Analytics, WordPress, WooCommerce",4.2,581,http://vidaecaffe.com/,+27 87 820 7722,"Unit 1, 97 On Strand, 97 Beach Rd, Strand, Cape Town, 7139, South Africa",4e353ca9,"['Slow Load', 'Ads Active', 'Luxury']","['Event Venue', 'Cozy/Casual']",Performance Marketing,"R 3,500 / mo","Conversion Rate Optimization (CRO), Landing Pages, Ad Management"
Mugg & Bean Strand,96.7,,"[HIGH VALUE] Running Ads but site is poor. Pitch: 'Stop wasting ad spend on a broken site'. | High Value: Mentions function, event. Pitch: 'Premium clients expect a premium digital experience'.",Africa+27213007298info@muggandbean.co.zaOperating,"Facebook, X/Twitter, Instagram",Issues,Slow Server (TTFB 2.62s),Google Analytics,4.8,748,https://locations.muggandbean.co.za/restaurants-StrandsigBuilding-MuggBeanStrand/?utm_source=google_maps&utm_medium=website_button&utm_campaign=SP&utm_content=SP,+27 21 300 7298,"Shop 1, Strandsig Building, 96 Beach Rd, Strand, Cape Town, 7139, South Africa",8dfba47d,"['Slow Load', 'Luxury']","['Event Venue', 'Cozy/Casual']",Growth Retainer,"R 2,500 / mo","SEO Content, Monthly Reporting, Google Business Management"
Thirsty Scarecrow,95.9,,"High Value: Mentions function, event, premium. Pitch: 'Premium clients expect a premium digital experience'.",,,Issues,Slow Server (TTFB 3.40s),,4.4,4297,https://www.thirstyscarecrow.com/,+27 21 881 3444,"R44, Mooiberge Farm, Annandale Rd, Stellenbosch, 7600, South Africa",6311ab69,"['Slow Load', 'No Socials', 'Luxury']","['Energetic/Nightlife', 'Event Venue']",Growth Retainer,"R 2,500 / mo","SEO Content, Monthly Reporting, Google Business Management"
Kapstadt Brauhaus Stellenbosch,95.7,,"[HIGH VALUE] Running Ads but site is poor. Pitch: 'Stop wasting ad spend on a broken site'. | High Value: Mentions function, event. Pitch: 'Premium clients expect a premium digital experience'.",,"Instagram, Facebook",Issues,Slow Server (TTFB 22.52s),"Facebook Pixel, Google Analytics, Twitter Bootstrap",4.2,363,https://www.kapstadtbrauhaus.co.za/,+27 60 305 9990,"98 Dorp St, Stellenbosch Central, Stellenbosch, 7600, South Africa",bf2570cf,"['Slow Load', 'Ads Active', 'Luxury']",['Event Venue'],Performance Marketing,"R 3,500 / mo","Conversion Rate Optimization (CRO), Landing Pages, Ad Management"
The Dog's Bollocks at YARD,94.7,,"High Value: Mentions function, event. Pitch: 'Premium clients expect a premium digital experience'.","yardct@gmail.com, info@yardco.co.za","Instagram, Facebook",Issues,Slow Server (TTFB 13.61s),WordPress,4.7,3236,https://www.yardco.co.za/,+27 83 440 7843,"6 Roodehek St, Gardens, Cape Town, 8001, South Africa",f2bcabb4,"['Slow Load', 'Luxury']",['Event Venue'],Growth Retainer,"R 2,500 / mo","SEO Content, Monthly Reporting, Google Business Management"
Cape Cafe,94.5,,Mobile: '50%+ of traffic bounces. We build mobile-first'.,,,Issues,Not Mobile Friendly,,4.5,200,http://oldcapecafe.co.za/,+27 66 363 1914,"9 Kruger St, Strand, Cape Town, 7140, South Africa",df3b5a88,"['Desktop Only', 'No Socials']",['Cozy/Casual'],The Modern Refresh,"R 5,500","Mobile-First Redesign, Speed Optimization, Social Integration"
Watami - Sushi & Asian Cuisine,91.3,,"[HIGH VALUE] Running Ads but site is poor. Pitch: 'Stop wasting ad spend on a broken site'. | High Value: Mentions function, event. Pitch: 'Premium clients expect a premium digital experience'.",lu.watami@gmail.com,"Instagram, Facebook",Issues,"SSL Invalid/Missing, Slow Server (TTFB 20.56s)","Google Analytics, WordPress, WooCommerce",4.0,422,https://www.watami.co.za/,+27 21 886 5828,"7 Beyers Street, Stellenbosch, 7600 Beyers St, Stellenbosch Central, Stellenbosch, 7600, South Africa",2bacdb07,"['Slow Load', 'Insecure', 'Luxury']",['Event Venue'],Growth Retainer,"R 2,500 / mo","SEO Content, Monthly Reporting, Google Business Management"
The Hussar Grill Stellenbosch,91.1,,"High Value: Mentions event, fine dining, premium. Pitch: 'Premium clients expect a premium digital experience'.",,,Issues,Slow Server (TTFB 3.54s),Modern Host (cloudflare),4.4,1963,https://hussargrill.co.za/locations/stellenbosch-central?utm_source=google_maps&utm_medium=website_button&utm_campaign=SP&utm_content=SP,+27 21 882 8088,"Shop G3, Good Hope Building, 23 Plein St, Stellenbosch Central, Stellenbosch, 7600, South Africa",1ef5148c,"['Slow Load', 'No Socials', 'Luxury']","['High-End', 'Event Venue']",Growth Retainer,"R 2,500 / mo","SEO Content, Monthly Reporting, Google Business Management"
Bossa Strand Pavilion,90.5,"Pain: 0, Pop: 46, Budget: 45","Marketing Active: They track data. Pitch: 'Improve conversion rates'. | High Value: Mentions function, event, estate. Pitch: 'Premium clients expect a premium digital experience'.",,"Instagram, Facebook",Good,,"Facebook Pixel, Google Analytics, WordPress, ZURB Foundation",4.3,3189,http://bossagoodtimes.com/,+27 21 879 3395,"Shop 10-12 Strand Pavilion Centre, Beach Rd, Strand, Cape Town, 7140, South Africa",d9c1dd3d,,,,,
The Fat Butcher,90.5,,General Upgrade: 'Modernize digital presence'.,,,Good,,,4.7,3603,http://www.fatbutcher.co.za/,+27 21 883 3857,"1 Van Riebeeck St, Stellenbosch Central, Stellenbosch, 7600, South Africa",ddaf1cc4,"['No Socials', 'High Budget']",['Premium/Luxury'],Performance Marketing,"R 3,500 / mo","Conversion Rate Optimization (CRO), Landing Pages, Ad Management"
The Vine Bistro,90.3,,"[HIGH VALUE] Running Ads but site is poor. Pitch: 'Stop wasting ad spend on a broken site'. | High Value: Mentions function, event, estate. Pitch: 'Premium clients expect a premium digital experience'.",bistro@glenelly.co.za,"Instagram, Facebook, X/Twitter",Issues,Slow Server (TTFB 14.59s),Facebook Pixel,4.6,161,https://glenellyestate.com/the-vine-bistro/,+27 21 809 6444,"Glenelly Estate, Ida's Valley, Lelie St, Stellenbosch, 7600, South Africa",f0b6be96,"['Slow Load', 'Ads Active', 'Luxury']",['Event Venue'],Performance Marketing,"R 3,500 / mo","Conversion Rate Optimization (CRO), Landing Pages, Ad Management"
La Pineta,88.8,,"Marketing Active: Tracks data. Pitch: 'Improve conversion rates with better UX'. | High Value: Mentions function, event. Pitch: 'Premium clients expect a premium digital experience'.",,,Good,,"Modern Host (cloudflare), Google Analytics, WordPress, Twitter Bootstrap",4.6,2313,http://www.forest44.co.za/,+27 21 880 0293,"R44, Stellenbosch NU, Stellenbosch, 7600, South Africa",e261a25b,"['No Socials', 'Luxury']",['Event Venue'],Growth Retainer,"R 2,500 / mo","SEO Content, Monthly Reporting, Google Business Management"
Genki,88.5,,"[HIGH VALUE] Running Ads but site is poor. Pitch: 'Stop wasting ad spend on a broken site'. | High Value: Mentions function, event. Pitch: 'Premium clients expect a premium digital experience'.",info@genki.co.za,"Instagram, Facebook",Issues,Slow Server (TTFB 21.58s),"Google Analytics, WordPress",4.5,794,http://www.genki.co.za,+27 21 887 5699,"Shop 2, De Wet Centre Courtyard, Church St, Stellenbosch Central, Stellenbosch, 7600, South Africa",478a2b9e,"['Slow Load', 'Luxury']",['Event Venue'],Growth Retainer,"R 2,500 / mo","SEO Content, Monthly Reporting, Google Business Management"
Cucina di Giovanni at Eikendal,88.3,,"High Value: Mentions function, event, estate. Pitch: 'Premium clients expect a premium digital experience'.","anthony@giovannicapetown.co.za, info@giovannicapetown.co.za",,Issues,Slow Server (TTFB 2.33s),"WordPress, WooCommerce",4.5,771,https://www.giovannicapetown.co.za/,+27 21 855 5033,"Eikendal Rd, Stellenbosch, 7600, South Africa",74b7e073,"['Slow Load', 'No Socials', 'Luxury']",['Event Venue'],Growth Retainer,"R 2,500 / mo","SEO Content, Monthly Reporting, Google Business Management"
Helena's Restaurant @ Coopmanhuijs Boutique Hotel and Spa,88.0,,"[HIGH VALUE] Running Ads but site is poor. Pitch: 'Stop wasting ad spend on a broken site'. | High Value: Mentions function, event, luxury. Pitch: 'Premium clients expect a premium digital experience'.",info@coopmanhuijs.co.za,"Instagram, Facebook",Issues,Slow Server (TTFB 22.39s),Google Analytics,4.6,490,https://www.helenasrestaurant.co.za/,+27 21 883 8207,"33 Church St, Stellenbosch Central, Stellenbosch, 7600, South Africa",96c78e18,"['Slow Load', 'Luxury']",['Event Venue'],Growth Retainer,"R 2,500 / mo","SEO Content, Monthly Reporting, Google Business Management"
Dusk Restaurant,87.9,,"Marketing Active: Tracks data. Pitch: 'Improve conversion rates with better UX'. | High Value: Mentions function, corporate, event. Pitch: 'Premium clients expect a premium digital experience'.",reservations@duskrestaurant.co.za,,Good,,"Facebook Pixel, Google Analytics, WordPress, WooCommerce",4.5,156,https://duskrestaurant.co.za/,+27 21 023 4100,"43 Plein St, Stellenbosch Central, Stellenbosch, 7599, South Africa",d5304011,"['No Socials', 'Ads Active', 'Luxury']","['High-End', 'Event Venue']",Performance Marketing,"R 3,500 / mo","Conversion Rate Optimization (CRO), Landing Pages, Ad Management"
Legacy Coffee Shop,86.7,,"High Value: Mentions function, event, estate. Pitch: 'Premium clients expect a premium digital experience'.",orders@legacycafe.co.za,,Issues,Slow Server (TTFB 4.74s),"WordPress, WooCommerce",4.8,208,http://legacycafe.co.za/,+27 79 122 3637,"22 Reitz St, Audas Estate, Cape Town, 7130, South Africa",83ae7b5c,"['Slow Load', 'No Socials', 'Luxury']","['Event Venue', 'Cozy/Casual']",Growth Retainer,"R 2,500 / mo","SEO Content, Monthly Reporting, Google Business Management"
The Wine Glass Stellenbosch,86.6,,"[HIGH VALUE] Running Ads but site is poor. Pitch: 'Stop wasting ad spend on a broken site'. | High Value: Mentions function, event, premium. Pitch: 'Premium clients expect a premium digital experience'.",,,Issues,Slow Server (TTFB 23.91s),"Modern Host (cloudflare), Google Analytics, WordPress, WooCommerce",4.2,429,https://www.thewineglass.guru/,+27 82 555 2332,"13 Ryneveld St, Stellenbosch Central, Stellenbosch, 7600, South Africa",9fc23abe,"['Slow Load', 'No Socials', 'Luxury']",['Event Venue'],Growth Retainer,"R 2,500 / mo","SEO Content, Monthly Reporting, Google Business Management"
Spek & Bone,86.5,,"[HIGH VALUE] Running Ads but site is poor. Pitch: 'Stop wasting ad spend on a broken site'. | High Value: Mentions function, event, estate. Pitch: 'Premium clients expect a premium digital experience'.","kantien@bertusbasson.comPlease, info@devrijeburger.comPlease, info@chorusrestaurant.comAddress, info@toevlug.co.za, info@eikerestaurant.comPlease, info@devrijeburger.com, cptlo_ongetem@hilton.com, info@bloemrestaurant.co.za, info@spekenbone.comPlease, info@chorusrestaurant.com, kantien@bertusbasson.com, info@bloemrestaurant.co.zaAddress, info@spekenbone.com, info@eikerestaurant.com","Instagram, Facebook, X/Twitter",Issues,Slow Server (TTFB 21.38s),Google Analytics,4.5,582,http://www.bertusbasson.com/,+27 82 569 8958,"84 Dorp St, Stellenbosch Central, Stellenbosch, 7600, South Africa",db7e926c,"['Slow Load', 'Luxury']",['Event Venue'],Growth Retainer,"R 2,500 / mo","SEO Content, Monthly Reporting, Google Business Management"
Rykaart's Restaurant at Longridge Wine Estate,86.0,,"Marketing Active: Tracks data. Pitch: 'Improve conversion rates with better UX'. | High Value: Mentions function, event, estate. Pitch: 'Premium clients expect a premium digital experience'.","rykaarts@longridge.co.za, 4540wynwinkel@longridge.co.zaReturn, Vermeuleninfo@longridge.co.za, 2005rykaarts@longridge.co.zaBook, Immelmanrep@longridge.co.za","Instagram, Facebook",Good,,"Google Analytics, WordPress, WooCommerce",4.5,540,https://longridge.co.za/rykaarts-restaurant/,+27 21 855 2005,"Helderbergpad, Helderberg Rural, Cape Winelands, 7130, South Africa",8777d7cc,"['High Budget', 'Luxury']","['Premium/Luxury', 'Event Venue']",Performance Marketing,"R 3,500 / mo","Conversion Rate Optimization (CRO), Landing Pages, Ad Management"
Hōseki at Delaire Graff Estate,85.5,,"Marketing Active: Tracks data. Pitch: 'Improve conversion rates with better UX'. | High Value: Mentions function, corporate, event. Pitch: 'Premium clients expect a premium digital experience'.",restaurant.bookings@delaire.co.za,"Instagram, Facebook, X/Twitter",Good,,"Google Analytics, WordPress",4.6,341,https://www.delaire.co.za/dine/restaurants/hoseki/,+27 21 885 8160,"Delaire Graff Estate, Helshoogte Rd, Stellenbosch, 7600, South Africa",6c308f7c,"['High Budget', 'Luxury']","['High-End', 'Premium/Luxury', 'Event Venue']",Performance Marketing,"R 3,500 / mo","Conversion Rate Optimization (CRO), Landing Pages, Ad Management"
Minari Korean Kitchen Stellenbosch,85.3,,"High Value: Mentions function, event, conference. Pitch: 'Premium clients expect a premium digital experience'.",,,Issues,Slow Server (TTFB 4.77s),,4.6,332,https://instagram.com/minari_stellenbosch?igshid=MmU2YjMzNjRlOQ==,+27 69 191 1202,"Shop 5, Simonsplein Centre, Plein St, Stellenbosch Central, Stellenbosch, 7600, South Africa",d6d64808,"['Slow Load', 'No Socials', 'Luxury']",['Event Venue'],Growth Retainer,"R 2,500 / mo","SEO Content, Monthly Reporting, Google Business Management"
Blue Waters Seafood & Sushi Restaurant,85.0,,"[HIGH VALUE] Running Ads but site is poor. Pitch: 'Stop wasting ad spend on a broken site'. | High Value: Mentions function, event. Pitch: 'Premium clients expect a premium digital experience'.",,Facebook,Issues,Slow Server (TTFB 7.80s),Google Analytics,4.4,722,http://thebluewater.co.za/,+27 21 852 8012,"5 Lourensford Rd, Stuart`s Hill, Cape Town, 7130, South Africa",cda0ccca,"['Slow Load', 'Luxury']",['Event Venue'],Growth Retainer,"R 2,500 / mo","SEO Content, Monthly Reporting, Google Business Management"
Merkava Coffee Roastery,85.0,,"Marketing Active: Tracks data. Pitch: 'Improve conversion rates with better UX'. | High Value: Mentions function, event. Pitch: 'Premium clients expect a premium digital experience'.","orders@merkavacoffee.co.zaShop, calvin@merkavacoffee.co.za",,Good,,"Facebook Pixel, WordPress, Twitter Bootstrap, WooCommerce",4.7,224,http://www.merkavacoffee.co.za/,,"63 Caledon St, Lionviham, Cape Town, 7130, South Africa",6a93ec9f,"['No Socials', 'Ads Active', 'Luxury']","['Event Venue', 'Cozy/Casual']",Performance Marketing,"R 3,500 / mo","Conversion Rate Optimization (CRO), Landing Pages, Ad Management"
The Meeting Place.,84.3,,"High Value: Mentions function, event, conference. Pitch: 'Premium clients expect a premium digital experience'.",,,Issues,Slow Server (TTFB 17.45s),,4.4,640,https://www.instagram.com/themeetingplacestb/,+27 21 883 3977,"87 Dorp St, Stellenbosch Central, Stellenbosch, 7600, South Africa",9162e11f,"['Slow Load', 'No Socials', 'Luxury']",['Event Venue'],Growth Retainer,"R 2,500 / mo","SEO Content, Monthly Reporting, Google Business Management"
Asta Italian Restaurant,84.1,,"[HIGH VALUE] Running Ads but site is poor. Pitch: 'Stop wasting ad spend on a broken site'. | High Value: Mentions function, event. Pitch: 'Premium clients expect a premium digital experience'.",Africaastaitalian@gmail.com,"Instagram, Facebook, LinkedIn",Issues,Slow Server (TTFB 3.52s),Google Analytics,4.4,622,https://www.astarestaurant.com/,+27 21 887 7300,"95 Dorp St, Stellenbosch Central, Stellenbosch, 7600, South Africa",3f741c49,"['Slow Load', 'Luxury']",['Event Venue'],Growth Retainer,"R 2,500 / mo","SEO Content, Monthly Reporting, Google Business Management"
Fiore Restaurant and Event Venue,82.7,,"High Value: Mentions wedding, function, corporate. Pitch: 'Premium clients expect a premium digital experience'.",,,Issues,Slow Server (TTFB 4.10s),Wix,4.4,490,http://www.fioregardencentre.com/,+27 21 851 2047,"6 Audas St, Audas Estate, Cape Town, 7133, South Africa",2739b3a2,"['Slow Load', 'No Socials', 'Luxury']","['Event Venue', 'Cozy/Casual']",Growth Retainer,"R 2,500 / mo","SEO Content, Monthly Reporting, Google Business Management"
Delaire Graff Restaurant,82.7,,"[HIGH VALUE] Running Ads but site is poor. Pitch: 'Stop wasting ad spend on a broken site'. | High Value: Mentions function, event, luxury. Pitch: 'Premium clients expect a premium digital experience'.",,"Instagram, Facebook, X/Twitter",Issues,Slow Server (TTFB 1.67s),"Google Analytics, WordPress",4.4,495,http://www.delaire.co.za/,+27 21 885 8160,"Delaire Graff Estate, Helshoogte Rd, Banhoek, Stellenbosch, 7600, South Africa",eee71d76,"['Slow Load', 'Luxury']","['High-End', 'Event Venue']",Growth Retainer,"R 2,500 / mo","SEO Content, Monthly Reporting, Google Business Management"
The Farmhouse,82.6,,"[HIGH VALUE] Running Ads but site is poor. Pitch: 'Stop wasting ad spend on a broken site'. | High Value: Mentions function, event, premium. Pitch: 'Premium clients expect a premium digital experience'.",info@thefarmhouse.co.za,"Facebook, X/Twitter, Instagram",Issues,Slow Server (TTFB 3.33s),"Google Analytics, WordPress",4.3,782,http://www.thefarmhouse.co.za/,+27 21 851 9617,"2, Rola Centre, 24 Myburgh St, Somerset West, Cape Town, 7130, South Africa",7cb0068a,"['Slow Load', 'Luxury']","['Event Venue', 'Cozy/Casual']",Growth Retainer,"R 2,500 / mo","SEO Content, Monthly Reporting, Google Business Management"
Sage & Thyme Village Coffee Shop,82.6,,"High Value: Mentions function, event, premium. Pitch: 'Premium clients expect a premium digital experience'.",,"Facebook, Instagram",Issues,Slow Server (TTFB 2.19s),Wix,4.6,944,https://www.sageandthyme.co.za/,+27 21 851 5088,"Caledon St, Somerset West, Cape Town, 7130, South Africa",2eb01531,"['Slow Load', 'Luxury']","['Event Venue', 'Cozy/Casual']",Growth Retainer,"R 2,500 / mo","SEO Content, Monthly Reporting, Google Business Management"
Bootlegger Strand,82.4,,"[HIGH VALUE] Running Ads but site is poor. Pitch: 'Stop wasting ad spend on a broken site'. | High Value: Mentions function, event. Pitch: 'Premium clients expect a premium digital experience'.",Africa+27212035213strand@bootlegger.co.zaOperating,"Facebook, Instagram, LinkedIn",Issues,Slow Server (TTFB 1.82s),Google Analytics,4.4,469,https://ourcafes.bootlegger.coffee/FoodDrink-CapeTown-BootleggerStrand,+27 21 203 5213,"188 Beach Rd, Strand, Cape Town, 7139, South Africa",42a6a863,"['Slow Load', 'Luxury']","['Event Venue', 'Cozy/Casual']",Growth Retainer,"R 2,500 / mo","SEO Content, Monthly Reporting, Google Business Management"
Ya-Ya Cafe,82.2,,"High Value: Mentions function, event. Pitch: 'Premium clients expect a premium digital experience'.",,"Instagram, Facebook",Issues,Slow Server (TTFB 14.79s),,4.5,1406,http://www.yayacafe.co.za/,+27 21 883 2977,"8 Dorp St, Stellenbosch, Cape Town, 7600, South Africa",6afcf57c,"['Slow Load', 'Luxury']","['Cozy/Casual', 'Event Venue']",Growth Retainer,"R 2,500 / mo","SEO Content, Monthly Reporting, Google Business Management"
Cattle Baron Stellenbosch,80.5,,"High Value: Mentions function, event. Pitch: 'Premium clients expect a premium digital experience'.",info@cattlebaron.co.zaUnit,"Instagram, Facebook",Issues,Slow Server (TTFB 3.94s),"WordPress, WooCommerce",4.4,1777,http://www.cattlebaron.co.za/,+27 21 300 0222,"R44, Stellenbosch, 7599, South Africa",e5855960,"['Slow Load', 'Luxury']",['Event Venue'],Growth Retainer,"R 2,500 / mo","SEO Content, Monthly Reporting, Google Business Management"
Giovannis Restaurant at the House of J.C. Le Roux,80.5,,"High Value: Mentions function, event, estate. Pitch: 'Premium clients expect a premium digital experience'.","anthony@giovannicapetown.co.za, info@giovannicapetown.co.za",,Issues,Slow Server (TTFB 32.97s),"WordPress, WooCommerce",4.5,231,http://www.giovannicapetown.co.za/,+27 21 865 8222,"Devon Valley Rd, Devon Valley, Stellenbosch, 7600, South Africa",6a76233e,"['Slow Load', 'No Socials', 'Luxury']",['Event Venue'],Growth Retainer,"R 2,500 / mo","SEO Content, Monthly Reporting, Google Business Management"
The Belgian Waffle House and Coffee Shop,79.9,,"High Value: Mentions function, event. Pitch: 'Premium clients expect a premium digital experience'.",,,Good,,WordPress,4.6,2702,http://www.belgianwafflehouse.co.za/,+27 21 853 7025,"On Strand, 97 Beach Rd, Strand, Cape Town, 7139, South Africa",31b0b97c,"['No Socials', 'Luxury']","['Event Venue', 'Cozy/Casual']",Growth Retainer,"R 2,500 / mo","SEO Content, Monthly Reporting, Google Business Management"
Friedman & Cohen cafe,79.2,,"Marketing Active: Tracks data. Pitch: 'Improve conversion rates with better UX'. | High Value: Mentions function, event, premium. Pitch: 'Premium clients expect a premium digital experience'.",,"Facebook, Instagram",Good,,"Modern Host (cloudflare), Facebook Pixel, Google Analytics, WordPress, WooCommerce",4.3,430,http://www.fandc.co.za/,+27 21 853 1070,"30 Main Rd, Strand, Cape Town, 7140, South Africa",3a6739ec,"['Ads Active', 'Luxury']","['Event Venue', 'Cozy/Casual']",Performance Marketing,"R 3,500 / mo","Conversion Rate Optimization (CRO), Landing Pages, Ad Management"
Postcard Café at Stark-Condé Wines,79.1,,"Marketing Active: Tracks data. Pitch: 'Improve conversion rates with better UX'. | High Value: Mentions function, event, estate. Pitch: 'Premium clients expect a premium digital experience'.",,"Instagram, Facebook",Good,,"Google Analytics, WordPress",4.6,2409,http://stark-conde.co.za/,+27 21 861 7703,"Stark-Conde Wine Estate Jonkershoek Valley, Stellenbosch, 7600, South Africa",08d93078,['Luxury'],"['Cozy/Casual', 'Event Venue']",Growth Retainer,"R 2,500 / mo","SEO Content, Monthly Reporting, Google Business Management"
Merkava coffee Strand Beach,78.6,,"Marketing Active: Tracks data. Pitch: 'Improve conversion rates with better UX'. | High Value: Mentions function, event. Pitch: 'Premium clients expect a premium digital experience'.","orders@merkavacoffee.co.zaShop, calvin@merkavacoffee.co.za",,Good,,"Facebook Pixel, WordPress, Twitter Bootstrap, WooCommerce",4.6,126,http://www.merkavacoffee.co.za/,,"189 Beach Rd, Strand, Cape Town, 7130, South Africa",d3c32b52,"['No Socials', 'Ads Active', 'Luxury']","['Event Venue', 'Cozy/Casual']",Performance Marketing,"R 3,500 / mo","Conversion Rate Optimization (CRO), Landing Pages, Ad Management"
Gino's,78.4,,"Marketing Active: Tracks data. Pitch: 'Improve conversion rates with better UX'. | High Value: Mentions function, event. Pitch: 'Premium clients expect a premium digital experience'.",,"Instagram, Facebook",Good,,"Google Analytics, WordPress, Twitter Bootstrap",4.5,3621,http://www.ginos.co.za/,+27 21 887 9786,"De Kelder, 63 Dorp St, Stellenbosch Central, Stellenbosch, 7600, South Africa",64c8f7ab,['Luxury'],"['Energetic/Nightlife', 'Event Venue']",Growth Retainer,"R 2,500 / mo","SEO Content, Monthly Reporting, Google Business Management"
Happy Folks Stellenbosch,78.3,,"Marketing Active: Tracks data. Pitch: 'Improve conversion rates with better UX'. | High Value: Mentions function, event. Pitch: 'Premium clients expect a premium digital experience'.",,"Instagram, Facebook",Good,,"Facebook Pixel, Google Analytics, Twitter Bootstrap",4.4,238,https://happyfolks.co.za/,+27 21 330 5585,"Paradyskloof Centre Strand Rd, Blaauwklippen Rd, Stellenbosch, Cape Town, 7600, South Africa",0551071b,"['Ads Active', 'Luxury']",['Event Venue'],Performance Marketing,"R 3,500 / mo","Conversion Rate Optimization (CRO), Landing Pages, Ad Management"
Deluxe Coffeeworks,78.0,,"High Value: Mentions function, event. Pitch: 'Premium clients expect a premium digital experience'.",,"Facebook, Instagram",Issues,Slow Server (TTFB 9.34s),"Modern Host (cloudflare), Twitter Bootstrap",4.6,489,http://www.deluxecoffeeworks.co.za/,+27 76 767 3519,"171A Buitenkant St, Gardens, Cape Town, 8001, South Africa",03198faf,"['Slow Load', 'Luxury']","['Event Venue', 'Cozy/Casual']",Growth Retainer,"R 2,500 / mo","SEO Content, Monthly Reporting, Google Business Management"
Tokara Restaurant,78.0,,General Upgrade: 'Modernize digital presence'.,,,Good,,,4.5,1575,http://www.tokara.com/tokara-wine-estate/tokara-restaurant/,+27 21 885 2550,"R 310 Helshoogte Rd, Stellenbosch, 7600, South Africa",86d3f15b,"['No Socials', 'High Budget']",['Premium/Luxury'],Performance Marketing,"R 3,500 / mo","Conversion Rate Optimization (CRO), Landing Pages, Ad Management"
Platō Coffee Stellenbosch - Revel,77.8,,"High Value: Mentions function, event, luxury. Pitch: 'Premium clients expect a premium digital experience'.",hello@plato.coffee,"Instagram, Facebook",Issues,Slow Server (TTFB 15.31s),Modern Host (cloudflare),4.8,239,https://plato.coffee/,+27 79 574 0897,"15 Krige Rd, Stellenbosch Central, Stellenbosch, 7600, South Africa",9f1ded0b,"['Slow Load', 'Luxury']","['Cozy/Casual', 'Event Venue']",Growth Retainer,"R 2,500 / mo","SEO Content, Monthly Reporting, Google Business Management"
Sunset Books,77.5,,"[HIGH VALUE] Running Ads but site is poor. Pitch: 'Stop wasting ad spend on a broken site'. | High Value: Mentions function, event. Pitch: 'Premium clients expect a premium digital experience'.",,"Facebook, Instagram",Issues,Slow Server (TTFB 3.75s),"Google Analytics, WordPress, WooCommerce",4.8,64,https://www.sunsetbooks.co.za/,+27 68 385 2563,"73 Beach Rd, Strand, Cape Town, 7130, South Africa",804d3ae3,"['Slow Load', 'Luxury']","['Event Venue', 'Cozy/Casual']",Growth Retainer,"R 2,500 / mo","SEO Content, Monthly Reporting, Google Business Management"
Spoon Bakery & Eatery,77.0,,"High Value: Mentions wedding, function, event. Pitch: 'Premium clients expect a premium digital experience'.",4490orders@spoonbakery.co.za,"Facebook, Instagram",Issues,Slow Server (TTFB 1.76s),,4.6,420,https://spoonbakery.co.za/,+27 61 528 4490,"1 Drama Street The Avenues, Shop 7, Lionviham, Cape Town, 7130, South Africa",3607f964,"['Slow Load', 'Luxury']","['Event Venue', 'Cozy/Casual']",Growth Retainer,"R 2,500 / mo","SEO Content, Monthly Reporting, Google Business Management"
Wijnhuis,76.8,,"High Value: Mentions function, event. Pitch: 'Premium clients expect a premium digital experience'.",8928admin@wijnhuis.co.za,,Issues,Slow Server (TTFB 3.62s),,4.1,777,http://www.wijnhuis.co.za/,+27 21 882 8928,"11 Andringa St, Stellenbosch Central, Stellenbosch, 7600, South Africa",7fe2c045,"['Slow Load', 'No Socials', 'Luxury']",['Event Venue'],Growth Retainer,"R 2,500 / mo","SEO Content, Monthly Reporting, Google Business Management"
Lorenzo's,76.7,,"[HIGH VALUE] Running Ads but site is poor. Pitch: 'Stop wasting ad spend on a broken site'. | High Value: Mentions function, event, luxury. Pitch: 'Premium clients expect a premium digital experience'.",reservations@delaire.co.za,"Instagram, Facebook, X/Twitter",Issues,"SSL Invalid/Missing, Slow Server (TTFB 10.42s)","Google Analytics, WordPress",4.3,8,https://www.delaire.co.za/dine/restaurants/lorenzos/,+27 21 885 8160,"Delaire Graff Estate, Helshoogte Rd, Banhoek, Stellenbosch, 7600, Stellenbosch, 7602, South Africa",ef689751,"['Slow Load', 'Insecure', 'Luxury']",['Event Venue'],Growth Retainer,"R 2,500 / mo","SEO Content, Monthly Reporting, Google Business Management"
Tokara Delicatessen,76.7,,"Marketing Active: Tracks data. Pitch: 'Improve conversion rates with better UX'. | High Value: Mentions wedding, function, event. Pitch: 'Premium clients expect a premium digital experience'.","winelounge@tokara.com, oliveshed@tokara.com, functions@tokara.com, wine@tokara.com, deli@tokara.com, reservations@tokara.com","Instagram, Facebook, X/Twitter",Good,,"Google Analytics, WordPress",4.6,1710,https://www.tokara.com/tokara-wine-estate/delicatessen/,+27 21 808 5950,"Helshoogte Rd, Stellenbosch, 7600, South Africa",b72bc183,['Luxury'],['Event Venue'],Growth Retainer,"R 2,500 / mo","SEO Content, Monthly Reporting, Google Business Management"
Guardian Peak Winery & Grill,76.7,,"High Value: Mentions function, event, estate. Pitch: 'Premium clients expect a premium digital experience'.",info@guardianpeak.com,"Instagram, Facebook, X/Twitter",Issues,Slow Server (TTFB 23.07s),"WordPress, Twitter Bootstrap, WooCommerce",4.5,606,http://www.guardianpeak.com/,+27 21 881 3899,"Annandale Rd, Stellenbosch, 7600, South Africa",ac654919,"['Slow Load', 'Luxury']",['Event Venue'],Growth Retainer,"R 2,500 / mo","SEO Content, Monthly Reporting, Google Business Management"
Hillcrest Berry Orchards,76.6,,General Upgrade: 'Modernize digital presence'.,,,Issues,"SSL Invalid/Missing, Connection Failed (Site Down)",,4.4,2135,http://www.hillcrestberries.co.za/,+27 21 885 1629,"R310 Banhoek Valley, Stellenbosch, 7601, South Africa",2d4a1d60,"['Insecure', 'No Socials']",[],Growth Retainer,"R 2,500 / mo","SEO Content, Monthly Reporting, Google Business Management"
RocoMamas Stellenbosch,75.8,,"High Value: Mentions function, event. Pitch: 'Premium clients expect a premium digital experience'.",772howzit@rocomamas.co.za,"Instagram, Facebook, X/Twitter",Issues,Slow Server (TTFB 12.28s),,4.3,1364,https://rocomamas.com/za/restaurants/western-cape/rocomamas-stellenbosch?utm_source=google_maps&utm_medium=website_button&utm_campaign=SP&utm_content=SP,+27 21 883 2272,"Shop 41 & 42, Eikestad Mall, Andringa St, Stellenbosch Central, Stellenbosch, 7600, South Africa",6e363bab,"['Slow Load', 'Luxury']",['Event Venue'],Growth Retainer,"R 2,500 / mo","SEO Content, Monthly Reporting, Google Business Management"
Stellenbosch Reserve,75.4,,"High Value: Mentions function, event, premium. Pitch: 'Premium clients expect a premium digital experience'.",,"Instagram, Facebook, X/Twitter",Issues,Slow Server (TTFB 3.75s),"WordPress, WooCommerce",4.5,490,http://www.thestellenboschreserve.com/,+27 72 480 0073,"Annandale Rd, Stellenbosch, 7600, South Africa",d8dc01e1,"['Slow Load', 'Luxury']",['Event Venue'],Growth Retainer,"R 2,500 / mo","SEO Content, Monthly Reporting, Google Business Management"
Lorenzo Marx Coffee Bar Paardevlei,74.6,,"High Value: Mentions function, event. Pitch: 'Premium clients expect a premium digital experience'.",paardevlei@lorenzomarx.co.za,,Issues,Slow Server (TTFB 8.11s),"WordPress, WooCommerce",4.1,489,http://www.lorenzomarx.co.za/,+27 21 852 3940,"Unit G01, House of Amelie, 14c De Beers Ave, Paardevlei, Cape Town, 7130, South Africa",123638d6,"['Slow Load', 'No Socials', 'Luxury']","['Event Venue', 'Cozy/Casual']",Growth Retainer,"R 2,500 / mo","SEO Content, Monthly Reporting, Google Business Management"
Oude Werf Hotel Restaurant,73.2,,"Marketing Active: Tracks data. Pitch: 'Improve conversion rates with better UX'. | High Value: Mentions function, event. Pitch: 'Premium clients expect a premium digital experience'.",reservations@oudewerf.co.zaOur,"Instagram, Facebook",Good,,"Facebook Pixel, Google Analytics, WordPress",4.6,58,https://www.oudewerf.co.za/dining/,+27 21 887 4608,"30 Church St, Stellenbosch Central, Stellenbosch, 7600, South Africa",f45527c4,"['Ads Active', 'Luxury']",['Event Venue'],Performance Marketing,"R 3,500 / mo","Conversion Rate Optimization (CRO), Landing Pages, Ad Management"
Atma - Beach Road,72.9,,"High Value: Mentions function, event. Pitch: 'Premium clients expect a premium digital experience'.",,,Issues,Slow Server (TTFB 1.93s),"WordPress, WooCommerce",4.7,44,http://www.atmafood.co.za/,+27 73 553 3195,"180 Beach Rd, Strand, Cape Town, 7140, South Africa",a203fe22,"['Slow Load', 'No Socials', 'Luxury']","['Event Venue', 'Cozy/Casual']",Growth Retainer,"R 2,500 / mo","SEO Content, Monthly Reporting, Google Business Management"
Sweetwell Restaurant & Destination,72.5,,"High Value: Mentions wedding, function, event. Pitch: 'Premium clients expect a premium digital experience'.",,"Instagram, Facebook",Issues,Slow Server (TTFB 23.88s),,4.3,766,http://www.sweetwell.co.za/,+27 78 794 9910,"Plot 215, Raithby, 7125, South Africa",65685d8f,"['Slow Load', 'Luxury']",['Event Venue'],Growth Retainer,"R 2,500 / mo","SEO Content, Monthly Reporting, Google Business Management"
Platō Coffee - Somerset West,71.9,,"High Value: Mentions function, event, luxury. Pitch: 'Premium clients expect a premium digital experience'.",hello@plato.coffee,"Facebook, Instagram",Issues,Slow Server (TTFB 5.36s),"Modern Host (cloudflare), Shopify",4.7,148,https://plato.coffee/,+27 21 002 8513,"1 Bright St, Audas Estate, Cape Town, 7130, South Africa",bd4b4f49,"['Slow Load', 'Luxury']","['Event Venue', 'Cozy/Casual']",Growth Retainer,"R 2,500 / mo","SEO Content, Monthly Reporting, Google Business Management"
Kantien,71.1,,"[HIGH VALUE] Running Ads but site is poor. Pitch: 'Stop wasting ad spend on a broken site'. | High Value: Mentions function, event, estate. Pitch: 'Premium clients expect a premium digital experience'.","kantien@bertusbasson.comPlease, info@devrijeburger.comPlease, info@chorusrestaurant.comAddress, info@toevlug.co.za, info@eikerestaurant.comPlease, info@devrijeburger.com, cptlo_ongetem@hilton.com, info@bloemrestaurant.co.za, info@spekenbone.comPlease, info@chorusrestaurant.com, kantien@bertusbasson.com, info@bloemrestaurant.co.zaAddress, info@spekenbone.com, info@eikerestaurant.com","Instagram, Facebook, X/Twitter",Issues,Slow Server (TTFB 35.56s),Google Analytics,4.5,55,https://bertusbasson.com/,+27 71 138 3991,"6 Papegaai St, Stellenbosch Central, Stellenbosch, 7601, South Africa",c8a1e0b9,"['Slow Load', 'Luxury']",['Event Venue'],Growth Retainer,"R 2,500 / mo","SEO Content, Monthly Reporting, Google Business Management"
PANE E VINO FOOD & WINE BAR,70.9,,"High Value: Mentions function, event. Pitch: 'Premium clients expect a premium digital experience'.",info@paneevino.co.za,"Instagram, Facebook",Issues,Slow Server (TTFB 8.49s),,4.6,175,http://www.paneevino.co.za/,+27 21 883 8312,"Bosman's Crossing, 7 Distillery Rd, Stellenbosch Central, Stellenbosch, 7600, South Africa",c3e92c1a,"['Slow Load', 'Luxury']","['Energetic/Nightlife', 'Event Venue']",Growth Retainer,"R 2,500 / mo","SEO Content, Monthly Reporting, Google Business Management"
Eike by Bertus Basson,70.8,,General Upgrade: 'Modernize digital presence'.,,,Issues,Connection Failed (Site Down),,4.7,252,http://www.bertusbasson.com/,+27 21 007 4231,"50 Dorp St, Stellenbosch Central, Stellenbosch, 7600, South Africa",5ffa7925,"['No Socials', 'High Budget']",['Premium/Luxury'],Performance Marketing,"R 3,500 / mo","Conversion Rate Optimization (CRO), Landing Pages, Ad Management"
Vergenoegd Löw Wine Estate,70.4,,General Upgrade: 'Modernize digital presence'.,,,Issues,"SSL Invalid/Missing, Connection Failed (Site Down)",,4.4,774,https://vergenoegd.co.za/,+27 21 843 3248,"1 Faure Village Rd, Stellenbosch Farms, Cape Town, 7134, South Africa",cc0b1654,"['Insecure', 'No Socials']",[],Growth Retainer,"R 2,500 / mo","SEO Content, Monthly Reporting, Google Business Management"
Hudsons - The Burger Joint (Stellenbosch),70.4,,General Upgrade: 'Modernize digital presence'.,,,Issues,Connection Failed (Site Down),,4.6,5994,https://theburgerjoint.co.za/?utm_source=google_maps&utm_medium=website_button&utm_campaign=SP&utm_content=SP,+27 21 887 2052,"77 Dorp St, Stellenbosch Central, Stellenbosch, 7600, South Africa",de6466a4,['No Socials'],['Energetic/Nightlife'],Growth Retainer,"R 2,500 / mo","SEO Content, Monthly Reporting, Google Business Management"
Xpresso Café - Liberty Promenade,70.2,,"[HIGH VALUE] Running Ads but site is poor. Pitch: 'Stop wasting ad spend on a broken site'. | High Value: Mentions function, event. Pitch: 'Premium clients expect a premium digital experience'.","work@xpressocafe.co.za, orders@xpressocafe.co.za, info@xpressocafe.co.za","Facebook, Instagram",Issues,Slow Server (TTFB 8.09s),"Google Analytics, WordPress, WooCommerce",4.5,48,https://xpressocafe.co.za/,+27 78 633 3771,"Shop 178, Liberty Promenade, A Z Berman Dr, Mitchells Plain, Cape Town, 7785, South Africa",c8a3bdf8,"['Slow Load', 'Luxury']","['Event Venue', 'Cozy/Casual']",Growth Retainer,"R 2,500 / mo","SEO Content, Monthly Reporting, Google Business Management"
Ekhaya Coffee Roasters,69.9,,"Marketing Active: Tracks data. Pitch: 'Improve conversion rates with better UX'. | High Value: Mentions function, event. Pitch: 'Premium clients expect a premium digital experience'.",,"Facebook, Instagram, LinkedIn",Good,,"Google Analytics, WordPress, WooCommerce",5.0,175,https://www.ekhayaroasters.com/,+27 68 610 9363,"Shop 1, Strand Pavilion, Beach Rd, Strand, Cape Town, 7140, South Africa",dba362bd,['Luxury'],"['Event Venue', 'Cozy/Casual']",Growth Retainer,"R 2,500 / mo","SEO Content, Monthly Reporting, Google Business Management"
De Vleispaleis Steakhouse,69.3,,"Marketing Active: Tracks data. Pitch: 'Improve conversion rates with better UX'. | High Value: Mentions function, event. Pitch: 'Premium clients expect a premium digital experience'.",info@devleispaleis.co.za,"Instagram, Facebook",Good,,"Google Analytics, WordPress",4.6,591,https://devleispaleis.co.za/,+27 21 879 2356,"56 Dorp St, Stellenbosch Central, Stellenbosch, 7599, South Africa",399c93f1,['Luxury'],['Event Venue'],Growth Retainer,"R 2,500 / mo","SEO Content, Monthly Reporting, Google Business Management"
Sushi Box Stellenbosch,68.6,,General Upgrade: 'Modernize digital presence'.,,,Issues,Connection Failed (Site Down),,4.9,1214,https://sushiboxcapetown.wixsite.com/mysite,+27 63 676 0410,"3C Andringa St, Stellenbosch Central, Stellenbosch, 7599, South Africa",cafee393,['No Socials'],[],Growth Retainer,"R 2,500 / mo","SEO Content, Monthly Reporting, Google Business Management"
The Jordan Restaurant with Marthinus Ferreira,67.0,,"Marketing Active: Tracks data. Pitch: 'Improve conversion rates with better UX'. | High Value: Mentions function, event, luxury. Pitch: 'Premium clients expect a premium digital experience'.","reservations@jordanwines.com, info@jordanwines.com","Instagram, Facebook, LinkedIn",Good,,"Google Analytics, WordPress, Twitter Bootstrap, WooCommerce",4.7,296,http://www.jordanwines.com/,+27 21 881 3441,"Stellenbosch Kloof Rd, Vlottenburg, Stellenbosch, 7604, South Africa",ade266ec,['Luxury'],['Event Venue'],Growth Retainer,"R 2,500 / mo","SEO Content, Monthly Reporting, Google Business Management"
Stellenbosch Kitchen,66.3,,General Upgrade: 'Modernize digital presence'.,,,Good,,,4.2,1063,http://www.stellenboschkitchen.co.za/,+27 21 883 2893,"Dorp St &, Andringa St, Stellenbosch Central, Stellenbosch, 7600, South Africa",baf53070,"['No Socials', 'High Budget']",['Premium/Luxury'],Performance Marketing,"R 3,500 / mo","Conversion Rate Optimization (CRO), Landing Pages, Ad Management"
Lekker Dutch,61.7,,High Value: Mentions function. Pitch: 'Premium clients expect a premium digital experience'.,info@lekkerdutch.co.za,"Instagram, Facebook",Issues,Slow Server (TTFB 8.17s),,4.3,113,http://www.lekkerdutch.co.za/,+27 78 583 4613,"61 Plein St, Stellenbosch Central, Stellenbosch, 7600, South Africa",7e3aa966,"['Slow Load', 'Luxury']",['Event Venue'],Growth Retainer,"R 2,500 / mo","SEO Content, Monthly Reporting, Google Business Management"
Rust en Vrede Wine Estate,61.7,,General Upgrade: 'Modernize digital presence'.,,,Good,,,4.7,1096,http://rustenvrede.com/,+27 21 881 3881,"Annandale Rd, Stellenbosch, 7600, South Africa",4d86b88d,['No Socials'],[],Growth Retainer,"R 2,500 / mo","SEO Content, Monthly Reporting, Google Business Management"
Delheim Wine Estate,60.9,,General Upgrade: 'Modernize digital presence'.,,,Issues,Connection Failed (Site Down),,4.6,1522,http://www.delheim.com/,+27 21 888 4600,"Knorhoek Rd, Stellenbosch, 7599, South Africa",ddb695aa,['No Socials'],[],Growth Retainer,"R 2,500 / mo","SEO Content, Monthly Reporting, Google Business Management"
Spier Wine Tasting,59.6,,General Upgrade: 'Modernize digital presence'.,,,Issues,Connection Failed (Site Down),,4.5,2031,http://www.spier.co.za/visit/wine-tasting,+27 21 809 1147,"Spier Wine Farm R310, Baden Powell Dr, Lynedoch, Stellenbosch, 7600, South Africa",b18cfd2e,['No Socials'],[],Growth Retainer,"R 2,500 / mo","SEO Content, Monthly Reporting, Google Business Management"
Lanzerac Wine Estate,59.4,,General Upgrade: 'Modernize digital presence'.,,,Issues,Connection Failed (Site Down),,4.6,1223,http://www.lanzerac.co.za/,+27 21 887 1132,"Lanzerac Wine Estate, Lanzerac Rd, Stellenbosch, 7600, South Africa",d95176ef,['No Socials'],[],Growth Retainer,"R 2,500 / mo","SEO Content, Monthly Reporting, Google Business Management"
The Table at De Meye,58.8,,General Upgrade: 'Modernize digital presence'.,,,Good,,,4.8,514,http://www.thetablerestaurant.co.za/,+27 72 696 0530,"De Meye Farm Muldersvlei Road Klapmuts, Stellenbosch, 7600, South Africa",b7f8e949,['No Socials'],[],Growth Retainer,"R 2,500 / mo","SEO Content, Monthly Reporting, Google Business Management"
Mont Marie Restaurant,58.1,,General Upgrade: 'Modernize digital presence'.,,,Good,,,4.5,1605,http://www.montmarie.co.za/,+27 21 880 0777,"Blaauwklippen Rd, Stellenbosch, 7600, South Africa",9a813a52,['No Socials'],[],Growth Retainer,"R 2,500 / mo","SEO Content, Monthly Reporting, Google Business Management"
Jordan Wine Estate,57.6,,General Upgrade: 'Modernize digital presence'.,,,Issues,Connection Failed (Site Down),,4.6,946,http://www.jordanwines.com/,+27 21 881 3441,"Stellenbosch Kloof Road, Vlottenberg, Stellenbosch, 7604, South Africa",deb93f91,['No Socials'],[],Growth Retainer,"R 2,500 / mo","SEO Content, Monthly Reporting, Google Business Management"
The Restaurant @ Root44,57.5,,"High Value: Mentions function, event. Pitch: 'Premium clients expect a premium digital experience'.",info@root44.co.za,"Instagram, Facebook, X/Twitter",Issues,Slow Server (TTFB 1.87s),"WordPress, Drupal, Google AdSense",4.1,110,http://www.root44.co.za/,+27 21 300 3935,"Corner of R44 and, Annandale Rd, Stellenbosch, 7600, South Africa",c3b8266e,"['Slow Load', 'Luxury']",['Event Venue'],Growth Retainer,"R 2,500 / mo","SEO Content, Monthly Reporting, Google Business Management"
De Volkskombuis,56.8,,General Upgrade: 'Modernize digital presence'.,,,Good,,,4.5,1326,http://devolkskombuis.co.za/,+27 21 741 0980,"De Volkskombuis, Aan-de-Wagenweg, Krigeville, Stellenbosch, 7600, South Africa",e0619738,['No Socials'],[],Growth Retainer,"R 2,500 / mo","SEO Content, Monthly Reporting, Google Business Management"
Java Cafe/Bistro Stellenbosch,56.6,,General Upgrade: 'Modernize digital presence'.,,,Issues,Connection Failed (Site Down),,4.3,3840,http://www.javabistro.net/,+27 21 887 6261,"8 Jan Katz Building, 31 Church St, Stellenbosch Central, Stellenbosch, 7600, South Africa",0cdee554,['No Socials'],[],Growth Retainer,"R 2,500 / mo","SEO Content, Monthly Reporting, Google Business Management"
NoodleBox Stellenbosch,56.0,,General Upgrade: 'Modernize digital presence'.,,,Good,,,4.8,361,http://noodlebox.co.za/,+27 72 875 4253,"2 Andringa St, Stellenbosch Central, Stellenbosch, 7599, South Africa",2ea526a4,['No Socials'],[],Growth Retainer,"R 2,500 / mo","SEO Content, Monthly Reporting, Google Business Management"
Muratie Wine Estate,55.8,,General Upgrade: 'Modernize digital presence'.,,,Issues,Connection Failed (Site Down),,4.6,724,http://www.muratie.co.za/,+27 21 865 2330,"Knorhoek Rd, Koelenhof, Stellenbosch, 7605, South Africa",9349866d,['No Socials'],[],Growth Retainer,"R 2,500 / mo","SEO Content, Monthly Reporting, Google Business Management"
MERTIA,55.7,,General Upgrade: 'Modernize digital presence'.,,,Good,,,4.9,254,https://www.mertia.co.za/,+27 76 644 8448,"20 Bird St, Central, Stellenbosch, 7600, South Africa",a5cd2d7a,['No Socials'],[],Growth Retainer,"R 2,500 / mo","SEO Content, Monthly Reporting, Google Business Management"
De Warenmarkt,55.6,,General Upgrade: 'Modernize digital presence'.,,,Good,,,4.4,1821,http://www.dewarenmarkt.com/,+27 21 883 2274,"20 Ryneveld St, Stellenbosch Central, Stellenbosch, 7600, South Africa",bdb6fe86,['No Socials'],[],Growth Retainer,"R 2,500 / mo","SEO Content, Monthly Reporting, Google Business Management"
Melfort,55.2,,General Upgrade: 'Modernize digital presence'.,,,Good,,,4.9,239,https://www.melfort.co/,+27 71 408 6392,"Marianne Wine Estate Valley Road - just off R44 Stellenbosch, Cape Town, 7600, South Africa",96068da5,['No Socials'],[],Growth Retainer,"R 2,500 / mo","SEO Content, Monthly Reporting, Google Business Management"
Oldenburg Vineyards,55.1,,General Upgrade: 'Modernize digital presence'.,,,Issues,Connection Failed (Site Down),,4.8,321,https://oldenburgvineyards.com/,+27 21 885 1618,"Oldenburg Vineyards, Banghoek Rd, Stellenbosch, 7601, South Africa",01004bce,['No Socials'],[],Growth Retainer,"R 2,500 / mo","SEO Content, Monthly Reporting, Google Business Management"
Free Bird Neelsie Stellenbosch,54.8,,"[HIGH VALUE] Running Ads but site is poor. Pitch: 'Stop wasting ad spend on a broken site'. | High Value: Mentions function, event. Pitch: 'Premium clients expect a premium digital experience'.",,"Instagram, Facebook",Issues,Slow Server (TTFB 23.48s),"Google Analytics, WordPress, Twitter Bootstrap",4.4,5,https://freebird.co.za/?utm_source=google_maps&utm_medium=website_button&utm_campaign=SP&utm_content=SP,+27 21 180 5332,"Shop K02, De Beer Rd, Stellenbosch Central, Stellenbosch, 7602, South Africa",c851f441,"['Slow Load', 'Luxury']",['Event Venue'],Growth Retainer,"R 2,500 / mo","SEO Content, Monthly Reporting, Google Business Management"
Waterford Estate,54.8,,General Upgrade: 'Modernize digital presence'.,,,Issues,Connection Failed (Site Down),,4.6,635,http://www.waterfordestate.co.za/,+27 21 880 5300,"Upper Blaauwklippen Rd, Helderberg Rural, Stellenbosch, 7600, South Africa",d46f2c5a,['No Socials'],[],Growth Retainer,"R 2,500 / mo","SEO Content, Monthly Reporting, Google Business Management"
Bossa Stellenbosch,54.3,,General Upgrade: 'Modernize digital presence'.,,,Good,,,4.3,2542,https://bossagoodtimes.com/,+27 21 202 5929,"Paradyskloof Centre Strand Rd, Blaauwklippen Rd, Stellenbosch, Cape Town, 7600, South Africa",77e84f29,['No Socials'],[],Growth Retainer,"R 2,500 / mo","SEO Content, Monthly Reporting, Google Business Management"
Balboa Balcony Bar,53.8,,General Upgrade: 'Modernize digital presence'.,,,Issues,Connection Failed (Site Down),,4.5,831,https://www.manoushestellenbosch.com/,+27 21 886 7110,"18A Andringa St, Stellenbosch Central, Stellenbosch, 7600, South Africa",0f9411c6,['No Socials'],['Energetic/Nightlife'],Growth Retainer,"R 2,500 / mo","SEO Content, Monthly Reporting, Google Business Management"
De Eetkamer,53.6,,General Upgrade: 'Modernize digital presence'.,,,Good,,,4.7,366,http://www.de-eetkamer.co.za/,+27 21 001 8308,"3 Drostdy Rd, Stellenbosch Central, Stellenbosch, 7600, South Africa",83d2395d,['No Socials'],[],Growth Retainer,"R 2,500 / mo","SEO Content, Monthly Reporting, Google Business Management"
De Vier Restaurant,53.6,,General Upgrade: 'Modernize digital presence'.,,,Good,,,4.8,263,https://www.devier.co.za/,+27 21 891 0145,"19 Mark St, Stellenbosch Central, Stellenbosch, 7600, South Africa",0ef99006,['No Socials'],[],Growth Retainer,"R 2,500 / mo","SEO Content, Monthly Reporting, Google Business Management"
Post & Pepper Restaurant,53.0,,General Upgrade: 'Modernize digital presence'.,,,Good,,,4.7,340,https://www.postandpepper.co.za/,+27 21 203 5165,"Unit 001, Oude Postkantoor, c\o Bird and, Plein St, Stellenbosch Central, Stellenbosch, 7600, South Africa",4acf6815,['No Socials'],[],Growth Retainer,"R 2,500 / mo","SEO Content, Monthly Reporting, Google Business Management"
Simonsig Family Vineyards,52.5,,General Upgrade: 'Modernize digital presence'.,,,Issues,Connection Failed (Site Down),,4.5,677,http://www.simonsig.co.za/,+27 21 888 4915,"Kromme Rhee Rd, Stellenbosch, Cape Town, 7605, South Africa",e09dadbe,['No Socials'],[],Growth Retainer,"R 2,500 / mo","SEO Content, Monthly Reporting, Google Business Management"
Copper Kettle Restaurant,52.5,,General Upgrade: 'Modernize digital presence'.,,,Issues,Connection Failed (Site Down),,4.6,450,https://www.copperkettle.co.za/,+27 64 903 9510,"143 Raithby Rd, Somerset West, Raithby, 7130, South Africa",7d0c7b61,['No Socials'],[],Growth Retainer,"R 2,500 / mo","SEO Content, Monthly Reporting, Google Business Management"
Ernie Els Wines,52.4,,General Upgrade: 'Modernize digital presence'.,,,Issues,Connection Failed (Site Down),,4.5,674,http://www.ernieelswines.com/,+27 21 881 3588,"Annandale Rd, Stellenbosch NU, Stellenbosch, 7600, South Africa",2501ea13,['No Socials'],[],Growth Retainer,"R 2,500 / mo","SEO Content, Monthly Reporting, Google Business Management"
THE BOER AND BUTCHER - STELLENBOSCH SQUARE,51.7,,General Upgrade: 'Modernize digital presence'.,,,Issues,Connection Failed (Site Down),,4.6,406,https://www.boerandbutcher.co.za/,+27 21 001 3121,"7600, Jamestown, Stellenbosch, 7622, South Africa",e7a10c18,['No Socials'],[],Growth Retainer,"R 2,500 / mo","SEO Content, Monthly Reporting, Google Business Management"
Manor Kitchen,50.3,,General Upgrade: 'Modernize digital presence'.,,,Issues,Connection Failed (Site Down),,4.5,486,http://www.lanzerac.co.za/,,"Lanzerac Wine Estate, Lanzerac Rd, Karindal, Stellenbosch, 7600, South Africa",92504a0d,['No Socials'],[],Growth Retainer,"R 2,500 / mo","SEO Content, Monthly Reporting, Google Business Management"
The Deck on Precious Hidden Valley,49.3,,"High Value: Mentions wedding, function, event. Pitch: 'Premium clients expect a premium digital experience'.",reservations@hiddenvalleywines.co.za,"Instagram, Facebook, X/Twitter",Good,,Modern Host (cloudflare),4.3,436,https://www.hiddenvalleywines.co.za/pages/restaurant-at-hidden-valley,+27 21 007 3477,"Annandale Road, Stellenbosch NU, Stellenbosch, 7613, South Africa",bad23ae4,['Luxury'],['Event Venue'],Growth Retainer,"R 2,500 / mo","SEO Content, Monthly Reporting, Google Business Management"
Stoep,48.7,,General Upgrade: 'Modernize digital presence'.,,,Issues,Connection Failed (Site Down),,4.4,581,https://www.laborieestate.co.za/,+27 21 807 3232,"Corner of Taillefer & Main Road Laborie Estate, Paarl, 7646, South Africa",6ae520bd,['No Socials'],[],Growth Retainer,"R 2,500 / mo","SEO Content, Monthly Reporting, Google Business Management"
Jonny’s Mozambican Restaurant,48.3,,General Upgrade: 'Modernize digital presence'.,,,Good,,,4.7,178,http://jonnys.co.za/,+27 87 164 3750,"137 Dorp St, Stellenbosch Central, Stellenbosch, 7600, South Africa",6c6d99c7,['No Socials'],[],Growth Retainer,"R 2,500 / mo","SEO Content, Monthly Reporting, Google Business Management"
GOOD TO GATHER,47.5,,General Upgrade: 'Modernize digital presence'.,,,Good,,,5.0,75,https://goodtogather.co.za/,,"Rozendal Farm, Omega Rd, Rozendal, Stellenbosch, 7600, South Africa",8d97a4c1,['No Socials'],[],Growth Retainer,"R 2,500 / mo","SEO Content, Monthly Reporting, Google Business Management"
Tokara Wine Estate,47.4,,General Upgrade: 'Modernize digital presence'.,,,Issues,Connection Failed (Site Down),,4.3,759,http://www.tokara.com/,+27 21 808 5900,"Helshoogte Rd, Stellenbosch, Cape Town, 7600, South Africa",1d332348,['No Socials'],[],Growth Retainer,"R 2,500 / mo","SEO Content, Monthly Reporting, Google Business Management"
Meraki,45.6,,General Upgrade: 'Modernize digital presence'.,,,Issues,Connection Failed (Site Down),,4.2,922,http://www.meraki-living.co.za/,+27 21 007 3999,"43 Church St, Stellenbosch Central, Stellenbosch, 7600, South Africa",d962cb61,['No Socials'],['Cozy/Casual'],Growth Retainer,"R 2,500 / mo","SEO Content, Monthly Reporting, Google Business Management"
Vadas Smokehouse & Bakery,44.8,,General Upgrade: 'Modernize digital presence'.,,,Issues,Connection Failed (Site Down),,4.2,791,https://vadas.co.za/?utm_source=google&utm_medium=organic&utm_campaign=GMB,+27 21 809 1137,"Vadas Smokehouse & Bakery, Spier Wine Farm, R310 Baden Powell Dr, Stellenbosch, 7603, South Africa",3c2634d3,['No Socials'],['Cozy/Casual'],Growth Retainer,"R 2,500 / mo","SEO Content, Monthly Reporting, Google Business Management"
SADIECOFFEE - Stellenbosch,44.7,,General Upgrade: 'Modernize digital presence'.,,,Issues,Connection Failed (Site Down),,4.7,110,http://www.sadiecoffee.co.za/,+27 78 822 0727,"Shop 12a Stone Square Shopping Centre, Hendrikse Rd, Cloetesville, Stellenbosch, 7600, South Africa",9349f357,['No Socials'],['Cozy/Casual'],Growth Retainer,"R 2,500 / mo","SEO Content, Monthly Reporting, Google Business Management"
VUUR Restaurant,44.5,,General Upgrade: 'Modernize digital presence'.,,,Good,,,4.8,83,http://www.vuurrestaurant.com/,+27 76 500 0099,"R44, Stellenbosch, 7600, South Africa",a1cc1002,['No Socials'],[],Growth Retainer,"R 2,500 / mo","SEO Content, Monthly Reporting, Google Business Management"
Klein Joostenberg Picnics,41.2,,General Upgrade: 'Modernize digital presence'.,,,Issues,Connection Failed (Site Down),,4.4,168,http://joostenberg.co.za/picnics/,+27 21 884 4014,"Klein Joostenberg Bistro, Muldersvlei Road, Stellenbosch, 7550, South Africa",d509073b,['No Socials'],[],Growth Retainer,"R 2,500 / mo","SEO Content, Monthly Reporting, Google Business Management"
Somerbosch Bistro,41.2,,General Upgrade: 'Modernize digital presence'.,,,Issues,Connection Failed (Site Down),,4.4,168,http://www.somerbosch.co.za/?q=content/somerbosch-bistro,+27 21 855 3615,"Somerbosch Wines, Stellenbosch, 4800, South Africa",988a60d5,['No Socials'],[],Growth Retainer,"R 2,500 / mo","SEO Content, Monthly Reporting, Google Business Management"
Ischia Restaurant Stellenbosch,40.1,,General Upgrade: 'Modernize digital presence'.,,,Issues,Connection Failed (Site Down),,4.8,47,http://www.supersconto.co.za/,+27 21 476 0707,"15 Alberto Drive, Devonbosch, Bottelary Rd, Koelenhof, Stellenbosch, 7605, South Africa",95ef49d7,['No Socials'],[],Growth Retainer,"R 2,500 / mo","SEO Content, Monthly Reporting, Google Business Management"
De Blaauwe Kitchen,38.7,,General Upgrade: 'Modernize digital presence'.,,,Issues,Connection Failed (Site Down),,4.3,161,https://www.blaauwklippen.com/restaurant,+27 21 880 0133,"Blaauwklippen Estate, Strand Rd, R44, Stellenbosch, 7600, South Africa",cbda7aee,['No Socials'],[],Growth Retainer,"R 2,500 / mo","SEO Content, Monthly Reporting, Google Business Management"
TERRA RESTAURANT,38.5,,General Upgrade: 'Modernize digital presence'.,,,Good,,,4.5,79,https://www.terrarestaurant.co.za/,+27 61 543 7135,"Ground Floor, 107 Dorp St, Stellenbosch Central, Stellenbosch, 7600, South Africa",a1491ecd,['No Socials'],[],Growth Retainer,"R 2,500 / mo","SEO Content, Monthly Reporting, Google Business Management"
Du Vin Restaurant,37.2,,General Upgrade: 'Modernize digital presence'.,,,Issues,Connection Failed (Site Down),,4.2,186,http://www.duvin.co.za/,+27 21 023 0361,"R304 Stellenbosch, Cape Town, 7599, South Africa",4dfe6ce3,['No Socials'],[],Growth Retainer,"R 2,500 / mo","SEO Content, Monthly Reporting, Google Business Management"
Montreal Stellenbosch,35.7,,General Upgrade: 'Modernize digital presence'.,,,Issues,Connection Failed (Site Down),,4.3,95,http://www.montrealcoffee.co.za/,+27 21 300 0257,"26 Bird St, Stellenbosch Central, Stellenbosch, 7600, South Africa",a2a19801,['No Socials'],['Cozy/Casual'],Growth Retainer,"R 2,500 / mo","SEO Content, Monthly Reporting, Google Business Management"
Magna The One,34.1,,General Upgrade: 'Modernize digital presence'.,,,Good,,,4.6,32,https://the-one.co.za/,+27 72 398 5180,"16 Dennesig St, Stellenbosch Central, Stellenbosch, 7600, South Africa",21bce46d,['No Socials'],[],Growth Retainer,"R 2,500 / mo","SEO Content, Monthly Reporting, Google Business Management"
SOFIA,30.3,,General Upgrade: 'Modernize digital presence'.,,,Issues,Connection Failed (Site Down),,3.8,341,https://sofiapizza.co.za/,+27 71 473 1609,"Oude Bank Building, 7 Church St, Stellenbosch Central, Cape Town, 7600, South Africa",4178e009,['No Socials'],[],Growth Retainer,"R 2,500 / mo","SEO Content, Monthly Reporting, Google Business Management"
Flavours Restaurant,23.0,,General Upgrade: 'Modernize digital presence'.,,,Issues,Connection Failed (Site Down),,3.8,42,https://devonvalleyhotel.com/restaurants/flavours/,+27 21 865 2012,"Devon Valley Rd, Stellenbosch, 7600, South Africa",5905d31e,['No Socials'],[],Growth Retainer,"R 2,500 / mo","SEO Content, Monthly Reporting, Google Business Management"
V Restaurant @ Val de Vine,13.2,,General Upgrade: 'Modernize digital presence'.,,,Issues,Connection Failed (Site Down),,3.2,39,https://valdevine.co.za/restaurant/,+27 66 247 9483,"Drie Lande Farm, R44, Stellenbosch NU, Stellenbosch, 7599, South Africa",998bf790,['No Socials'],[],Growth Retainer,"R 2,500 / mo","SEO Content, Monthly Reporting, Google Business Management"
